disease_name,image_url
acne,https://dermnetnz.org/assets/Uploads/acne/acne-back/141__ProtectWyJQcm90ZWN0Il0_FocusFillWzI5NCwyMjIsIngiLDFd.jpg
acne,https://dermnetnz.org/assets/Uploads/acne/acne-back/142__ProtectWyJQcm90ZWN0Il0_FocusFillWzI5NCwyMjIsIngiLDFd.jpg
acne,https://dermnetnz.org/assets/Uploads/acne/acne-back/143__ProtectWyJQcm90ZWN0Il0_FocusFillWzI5NCwyMjIsIngiLDFd.jpg
acne,https://dermnetnz.org/assets/Uploads/acne/acne-back/144__ProtectWyJQcm90ZWN0Il0_FocusFillWzI5NCwyMjIsIngiLDFd.jpg
acne,https://dermnetnz.org/assets/Uploads/acne/acne-back/146__ProtectWyJQcm90ZWN0Il0_FocusFillWzI5NCwyMjIsIngiLDEwXQ.jpg
acne,https://dermnetnz.org/assets/Uploads/acne/acne-back/148__ProtectWyJQcm90ZWN0Il0_FocusFillWzI5NCwyMjIsIngiLDFd.jpg
acne,https://dermnetnz.org/assets/Uploads/acne/acne-back/149__ProtectWyJQcm90ZWN0Il0_FocusFillWzI5NCwyMjIsIngiLDFd.jpg
acne,https://dermnetnz.org/assets/Uploads/acne/acne-back/150__ProtectWyJQcm90ZWN0Il0_FocusFillWzI5NCwyMjIsIngiLDFd.jpg
acne,https://dermnetnz.org/assets/Uploads/acne/acne-back/151__ProtectWyJQcm90ZWN0Il0_FocusFillWzI5NCwyMjIsIngiLDFd.jpg
acne,https://dermnetnz.org/assets/Uploads/acne/acne-back/152__ProtectWyJQcm90ZWN0Il0_FocusFillWzI5NCwyMjIsIngiLDFd.jpg
acne,https://dermnetnz.org/assets/Uploads/acne/acne-back/154__ProtectWyJQcm90ZWN0Il0_FocusFillWzI5NCwyMjIsIngiLDFd.jpg
acne,https://dermnetnz.org/assets/Uploads/acne/acne-back/157__ProtectWyJQcm90ZWN0Il0_FocusFillWzI5NCwyMjIsIngiLDFd.jpg
acne,https://dermnetnz.org/assets/Uploads/acne/acne-back/159__ProtectWyJQcm90ZWN0Il0_FocusFillWzI5NCwyMjIsIngiLDFd.jpg
acne,https://dermnetnz.org/assets/Uploads/acne/acne-back/160__ProtectWyJQcm90ZWN0Il0_FocusFillWzI5NCwyMjIsIngiLDFd.jpg
acne,https://dermnetnz.org/assets/Uploads/acne/acne-back/161__ProtectWyJQcm90ZWN0Il0_FocusFillWzI5NCwyMjIsIngiLDFd.jpg
acne,https://dermnetnz.org/assets/Uploads/acne/acne-back/165__ProtectWyJQcm90ZWN0Il0_FocusFillWzI5NCwyMjIsIngiLDFd.jpg
acne,https://dermnetnz.org/assets/Uploads/acne/acne-back/166__ProtectWyJQcm90ZWN0Il0_FocusFillWzI5NCwyMjIsIngiLDFd.jpg
acne,https://dermnetnz.org/assets/Uploads/acne/acne-back/167__ProtectWyJQcm90ZWN0Il0_FocusFillWzI5NCwyMjIsInkiLDg1XQ.jpg
acne,https://dermnetnz.org/assets/Uploads/acne/acne-back/169__ProtectWyJQcm90ZWN0Il0_FocusFillWzI5NCwyMjIsInkiLDg1XQ.jpg
acne,https://dermnetnz.org/assets/Uploads/acne/acne-back/171__ProtectWyJQcm90ZWN0Il0_FocusFillWzI5NCwyMjIsIngiLDFd.jpg
acne,https://dermnetnz.org/assets/Uploads/acne/acne-back/172__ProtectWyJQcm90ZWN0Il0_FocusFillWzI5NCwyMjIsIngiLDFd.jpg
acne,https://dermnetnz.org/assets/Uploads/acne/acne-back/173__ProtectWyJQcm90ZWN0Il0_FocusFillWzI5NCwyMjIsInkiLDg1XQ.jpg
acne,https://dermnetnz.org/assets/Uploads/acne/acne-back/174__ProtectWyJQcm90ZWN0Il0_FocusFillWzI5NCwyMjIsInkiLDg1XQ.jpg
acne,https://dermnetnz.org/assets/Uploads/acne/acne-back/175__ProtectWyJQcm90ZWN0Il0_FocusFillWzI5NCwyMjIsIngiLDFd.jpg
acne,https://dermnetnz.org/assets/Uploads/acne/acne-back/176__ProtectWyJQcm90ZWN0Il0_FocusFillWzI5NCwyMjIsIngiLDFd.jpg
acne,https://dermnetnz.org/assets/Uploads/acne/acne-back/177__ProtectWyJQcm90ZWN0Il0_FocusFillWzI5NCwyMjIsIngiLDFd.jpg
acne,https://dermnetnz.org/assets/Uploads/acne/acne-back/178__ProtectWyJQcm90ZWN0Il0_FocusFillWzI5NCwyMjIsIngiLDFd.jpg
acne,https://dermnetnz.org/assets/Uploads/acne/acne-back/179__ProtectWyJQcm90ZWN0Il0_FocusFillWzI5NCwyMjIsIngiLDFd.jpg
acne,https://dermnetnz.org/assets/Uploads/acne/acne-back/181__ProtectWyJQcm90ZWN0Il0_FocusFillWzI5NCwyMjIsIngiLDFd.jpg
acne,https://dermnetnz.org/assets/Uploads/acne/acne-back/182__ProtectWyJQcm90ZWN0Il0_FocusFillWzI5NCwyMjIsIngiLDFd.jpg
acne,https://dermnetnz.org/assets/Uploads/acne/acne-back/183__ProtectWyJQcm90ZWN0Il0_FocusFillWzI5NCwyMjIsIngiLDE4XQ.jpg
acne,https://dermnetnz.org/assets/Uploads/acne/acne-back/184__ProtectWyJQcm90ZWN0Il0_FocusFillWzI5NCwyMjIsIngiLDFd.jpg
acne,https://dermnetnz.org/assets/Uploads/acne/acne-back/185__ProtectWyJQcm90ZWN0Il0_FocusFillWzI5NCwyMjIsIngiLDFd.jpg
acne,https://dermnetnz.org/assets/Uploads/acne/acne-back/188__ProtectWyJQcm90ZWN0Il0_FocusFillWzI5NCwyMjIsInkiLDg1XQ.jpg
acne,https://dermnetnz.org/assets/Uploads/acne/acne-back/189__ProtectWyJQcm90ZWN0Il0_FocusFillWzI5NCwyMjIsIngiLDFd.jpg
acne,https://dermnetnz.org/assets/Uploads/acne/acne-back/190__ProtectWyJQcm90ZWN0Il0_FocusFillWzI5NCwyMjIsIngiLDFd.jpg
acne,https://dermnetnz.org/assets/Uploads/acne/acne-back/192__ProtectWyJQcm90ZWN0Il0_FocusFillWzI5NCwyMjIsInkiLDg1XQ.jpg
acne,https://dermnetnz.org/assets/Uploads/acne/acne-back/193__ProtectWyJQcm90ZWN0Il0_FocusFillWzI5NCwyMjIsIngiLDFd.jpg
acne,https://dermnetnz.org/assets/Uploads/acne/acne-back/194__ProtectWyJQcm90ZWN0Il0_FocusFillWzI5NCwyMjIsIngiLDFd.jpg
acne,https://dermnetnz.org/assets/Uploads/acne/acne-back/195__ProtectWyJQcm90ZWN0Il0_FocusFillWzI5NCwyMjIsIngiLDFd.jpg
acne,https://dermnetnz.org/assets/Uploads/acne/acne-back/196__ProtectWyJQcm90ZWN0Il0_FocusFillWzI5NCwyMjIsIngiLDFd.jpg
acne,https://dermnetnz.org/assets/Uploads/acne/folliculitis/2652__ProtectWyJQcm90ZWN0Il0_FocusFillWzI5NCwyMjIsIngiLDBd.jpg
acne,https://dermnetnz.org/assets/Uploads/acne-039-v2__ProtectWyJQcm90ZWN0Il0_FocusFillWzI5NCwyMjIsIngiLDFd.JPG
acne,https://dermnetnz.org/assets/Uploads/acne-077-v2__ProtectWyJQcm90ZWN0Il0_FocusFillWzI5NCwyMjIsIngiLDFd.JPG
acne,https://dermnetnz.org/assets/Uploads/acne-089-v2__ProtectWyJQcm90ZWN0Il0_FocusFillWzI5NCwyMjIsIngiLDFd.JPG
acne,https://dermnetnz.org/assets/Uploads/acne-187-v2__ProtectWyJQcm90ZWN0Il0_FocusFillWzI5NCwyMjIsIngiLDFd.JPG
acne,https://dermnetnz.org/assets/Uploads/acne-205-v2__ProtectWyJQcm90ZWN0Il0_FocusFillWzI5NCwyMjIsIngiLDFd.JPG
acne,https://dermnetnz.org/assets/Uploads/acne-268-v2__ProtectWyJQcm90ZWN0Il0_FocusFillWzI5NCwyMjIsIngiLDFd.JPG
acne,https://dermnetnz.org/assets/Uploads/acne-comedones-57-v2__ProtectWyJQcm90ZWN0Il0_FocusFillWzI5NCwyMjIsIngiLDE3XQ.JPG
acne,https://dermnetnz.org/assets/Uploads/perioral-acne-58-v2__ProtectWyJQcm90ZWN0Il0_FocusFillWzI5NCwyMjIsIngiLDFd.JPG
acne,https://dermnetnz.org/assets/Uploads/acne/acne-face/acne-face-1__ProtectWyJQcm90ZWN0Il0_FocusFillWzI5NCwyMjIsIngiLDFd.jpg
acne,https://dermnetnz.org/assets/Uploads/acne/acne-face/acne-face-1-1__ProtectWyJQcm90ZWN0Il0_FocusFillWzI5NCwyMjIsInkiLDg1XQ.jpg
acne,https://dermnetnz.org/assets/Uploads/acne/acne-face/acne-face-2__ProtectWyJQcm90ZWN0Il0_FocusFillWzI5NCwyMjIsIngiLDFd.jpg
acne,https://dermnetnz.org/assets/Uploads/acne/acne-face/acne-face-3__ProtectWyJQcm90ZWN0Il0_FocusFillWzI5NCwyMjIsIngiLDFd.jpg
acne,https://dermnetnz.org/assets/Uploads/acne/acne-face/acne-face-4__ProtectWyJQcm90ZWN0Il0_FocusFillWzI5NCwyMjIsIngiLDFd.jpg
acne,https://dermnetnz.org/assets/Uploads/acne/acne-face/acne-face-5__ProtectWyJQcm90ZWN0Il0_FocusFillWzI5NCwyMjIsIngiLDFd.jpg
acne,https://dermnetnz.org/assets/Uploads/acne/acne-face/acne-face-1-2__ProtectWyJQcm90ZWN0Il0_FocusFillWzI5NCwyMjIsIngiLDFd.jpg
acne,https://dermnetnz.org/assets/Uploads/acne/acne-face/acne-face-6__ProtectWyJQcm90ZWN0Il0_FocusFillWzI5NCwyMjIsIngiLDFd.jpg
acne,https://dermnetnz.org/assets/Uploads/acne/acne-face/acne-face-7__ProtectWyJQcm90ZWN0Il0_FocusFillWzI5NCwyMjIsIngiLDFd.jpg
acne,https://dermnetnz.org/assets/Uploads/acne/acne-face/acne-face-8__ProtectWyJQcm90ZWN0Il0_FocusFillWzI5NCwyMjIsIngiLDFd.jpg
acne,https://dermnetnz.org/assets/Uploads/acne/acne-face/acne-face-9__ProtectWyJQcm90ZWN0Il0_FocusFillWzI5NCwyMjIsIngiLDFd.jpg
acne,https://dermnetnz.org/assets/Uploads/acne/acne-face/acne-face-10__ProtectWyJQcm90ZWN0Il0_FocusFillWzI5NCwyMjIsIngiLDFd.jpg
acne,https://dermnetnz.org/assets/Uploads/acne/acne-face/acne-face-1-4__ProtectWyJQcm90ZWN0Il0_FocusFillWzI5NCwyMjIsIngiLDFd.jpg
acne,https://dermnetnz.org/assets/Uploads/acne/acne-face/acne-face-1-5__ProtectWyJQcm90ZWN0Il0_FocusFillWzI5NCwyMjIsIngiLDFd.jpg
acne,https://dermnetnz.org/assets/Uploads/acne/acne-face/acne-face-11__ProtectWyJQcm90ZWN0Il0_FocusFillWzI5NCwyMjIsIngiLDFd.jpg
acne,https://dermnetnz.org/assets/Uploads/acne/acne-face/acne-face-12__ProtectWyJQcm90ZWN0Il0_FocusFillWzI5NCwyMjIsIngiLDFd.jpg
acne,https://dermnetnz.org/assets/Uploads/acne/acne-face/acne-face-1-6__ProtectWyJQcm90ZWN0Il0_FocusFillWzI5NCwyMjIsIngiLDFd.jpg
acne,https://dermnetnz.org/assets/Uploads/acne/acne-face/acne-face-2-1__ProtectWyJQcm90ZWN0Il0_FocusFillWzI5NCwyMjIsIngiLDFd.jpg
acne,https://dermnetnz.org/assets/Uploads/acne/acne-face/acne-face-3-1__ProtectWyJQcm90ZWN0Il0_FocusFillWzI5NCwyMjIsIngiLDFd.jpg
acne,https://dermnetnz.org/assets/Uploads/acne/acne-face/acne-face-4-1__ProtectWyJQcm90ZWN0Il0_FocusFillWzI5NCwyMjIsIngiLDFd.jpg
acne,https://dermnetnz.org/assets/collection/Acne-vulgaris/acne-vulgaris-0003__ProtectWyJQcm90ZWN0Il0_FocusFillWzI5NCwyMjIsIngiLDFd.jpg
acne,https://dermnetnz.org/assets/Uploads/acne/acne-face/acne-face-13__ProtectWyJQcm90ZWN0Il0_FocusFillWzI5NCwyMjIsIngiLDFd.jpg
acne,https://dermnetnz.org/assets/Uploads/acne/acne-face/acne-face-14__ProtectWyJQcm90ZWN0Il0_FocusFillWzI5NCwyMjIsInkiLDg1XQ.jpg
acne,https://dermnetnz.org/assets/Uploads/acne/acne-face/acne-face-1-7__ProtectWyJQcm90ZWN0Il0_FocusFillWzI5NCwyMjIsIngiLDFd.jpg
acne,https://dermnetnz.org/assets/Uploads/acne/acne-face/acne-face-5-1__ProtectWyJQcm90ZWN0Il0_FocusFillWzI5NCwyMjIsIngiLDFd.jpg
acne,https://dermnetnz.org/assets/Uploads/acne/acne-face/acne-face-15__ProtectWyJQcm90ZWN0Il0_FocusFillWzI5NCwyMjIsIngiLDFd.jpg
acne,https://dermnetnz.org/assets/Uploads/acne/acne-face/acne-face-16__ProtectWyJQcm90ZWN0Il0_FocusFillWzI5NCwyMjIsIngiLDFd.jpg
acne,https://dermnetnz.org/assets/Uploads/acne/acne-face/acne-face-17__ProtectWyJQcm90ZWN0Il0_FocusFillWzI5NCwyMjIsIngiLDE4XQ.jpg
acne,https://dermnetnz.org/assets/Uploads/acne/acne-face/acne-face-18__ProtectWyJQcm90ZWN0Il0_FocusFillWzI5NCwyMjIsIngiLDE4XQ.jpg
acne,https://dermnetnz.org/assets/Uploads/acne/acne-face/acne-face-1-8__ProtectWyJQcm90ZWN0Il0_FocusFillWzI5NCwyMjIsIngiLDFd.jpg
acne,https://dermnetnz.org/assets/Uploads/acne/acne-face/acne-face-2-2__ProtectWyJQcm90ZWN0Il0_FocusFillWzI5NCwyMjIsIngiLDE4XQ.jpg
acne,https://dermnetnz.org/assets/Uploads/acne/acne-face/acne-face-3-2__ProtectWyJQcm90ZWN0Il0_FocusFillWzI5NCwyMjIsIngiLDE4XQ.jpg
acne,https://dermnetnz.org/assets/Uploads/acne/acne-face/acne-face-4-2__ProtectWyJQcm90ZWN0Il0_FocusFillWzI5NCwyMjIsIngiLDFd.jpg
acne,https://dermnetnz.org/assets/Uploads/acne/acne-face/acne-face-5-2__ProtectWyJQcm90ZWN0Il0_FocusFillWzI5NCwyMjIsInkiLDEwOF0.jpg
acne,https://dermnetnz.org/assets/Uploads/acne/acne-face/acne-face-6-1__ProtectWyJQcm90ZWN0Il0_FocusFillWzI5NCwyMjIsInkiLDEwOF0.jpg
acne,https://dermnetnz.org/assets/Uploads/acne/acne-face/acne-face-7-1__ProtectWyJQcm90ZWN0Il0_FocusFillWzI5NCwyMjIsIngiLDE4XQ.jpg
acne,https://dermnetnz.org/assets/Uploads/acne/acne-face/acne-face-8-1__ProtectWyJQcm90ZWN0Il0_FocusFillWzI5NCwyMjIsInkiLDEwOF0.jpg
acne,https://dermnetnz.org/assets/Uploads/acne/acne-face/acne-face-2-3__ProtectWyJQcm90ZWN0Il0_FocusFillWzI5NCwyMjIsIngiLDFd.jpg
acne,https://dermnetnz.org/assets/Uploads/acne/acne-face/acne-face-3-3__ProtectWyJQcm90ZWN0Il0_FocusFillWzI5NCwyMjIsIngiLDFd.jpg
acne,https://dermnetnz.org/assets/Uploads/acne/acne-face/acne-face-1-9__ProtectWyJQcm90ZWN0Il0_FocusFillWzI5NCwyMjIsIngiLDE4XQ.jpg
acne,https://dermnetnz.org/assets/Uploads/acne/acne-face/acne-face-19__ProtectWyJQcm90ZWN0Il0_FocusFillWzI5NCwyMjIsIngiLDE4XQ.jpg
acne,https://dermnetnz.org/assets/Uploads/acne/acne-face/acne-face-1-10__ProtectWyJQcm90ZWN0Il0_FocusFillWzI5NCwyMjIsIngiLDFd.jpg
acne,https://dermnetnz.org/assets/Uploads/acne/acne-face/acne-face-2-4__ProtectWyJQcm90ZWN0Il0_FocusFillWzI5NCwyMjIsIngiLDFd.jpg
acne,https://dermnetnz.org/assets/Uploads/acne/acne-face/acne-face-20__ProtectWyJQcm90ZWN0Il0_FocusFillWzI5NCwyMjIsIngiLDE4XQ.jpg
acne,https://dermnetnz.org/assets/Uploads/acne/acne-face/acne-face-21__ProtectWyJQcm90ZWN0Il0_FocusFillWzI5NCwyMjIsIngiLDE4XQ.jpg
acne,https://dermnetnz.org/assets/Uploads/acne/acne-face/acne-face-1-11__ProtectWyJQcm90ZWN0Il0_FocusFillWzI5NCwyMjIsIngiLDE4XQ.jpg
acne,https://dermnetnz.org/assets/Uploads/acne/acne-face/acne-face-22__ProtectWyJQcm90ZWN0Il0_FocusFillWzI5NCwyMjIsIngiLDFd.jpg
acne,https://dermnetnz.org/assets/Uploads/acne/acne-face/acne-face-1-12__ProtectWyJQcm90ZWN0Il0_FocusFillWzI5NCwyMjIsIngiLDFd.jpg
acne,https://dermnetnz.org/assets/Uploads/acne/acne-face/acne-face-2-5__ProtectWyJQcm90ZWN0Il0_FocusFillWzI5NCwyMjIsIngiLDFd.jpg
acne,https://dermnetnz.org/assets/Uploads/acne/acne-face/acne-face-3-4__ProtectWyJQcm90ZWN0Il0_FocusFillWzI5NCwyMjIsIngiLDFd.jpg
acne,https://dermnetnz.org/assets/Uploads/acne/acne-face/acne-face-23__ProtectWyJQcm90ZWN0Il0_FocusFillWzI5NCwyMjIsIngiLDFd.jpg
acne,https://dermnetnz.org/assets/Uploads/acne/acne-face/acne-face-24__ProtectWyJQcm90ZWN0Il0_FocusFillWzI5NCwyMjIsIngiLDFd.jpg
acne,https://dermnetnz.org/assets/Uploads/acne/acne-face/acne-face-1-13__ProtectWyJQcm90ZWN0Il0_FocusFillWzI5NCwyMjIsIngiLDFd.jpg
acne,https://dermnetnz.org/assets/Uploads/acne/acne-face/acne-face-4-3__ProtectWyJQcm90ZWN0Il0_FocusFillWzI5NCwyMjIsIngiLDFd.jpg
acne,https://dermnetnz.org/assets/Uploads/acne/acne-face/acne-face-25__ProtectWyJQcm90ZWN0Il0_FocusFillWzI5NCwyMjIsIngiLDE4XQ.jpg
acne,https://dermnetnz.org/assets/Uploads/acne/acne-face/acne-face-5-3__ProtectWyJQcm90ZWN0Il0_FocusFillWzI5NCwyMjIsIngiLDFd.jpg
acne,https://dermnetnz.org/assets/Uploads/acne/acne-face/acne-face-1-14__ProtectWyJQcm90ZWN0Il0_FocusFillWzI5NCwyMjIsIngiLDE4XQ.jpg
acne,https://dermnetnz.org/assets/Uploads/acne/acne-face/acne-face-2-6__ProtectWyJQcm90ZWN0Il0_FocusFillWzI5NCwyMjIsIngiLDE4XQ.jpg
acne,https://dermnetnz.org/assets/Uploads/acne/acne-face/acne-face-3-5__ProtectWyJQcm90ZWN0Il0_FocusFillWzI5NCwyMjIsIngiLDE4XQ.jpg
acne,https://dermnetnz.org/assets/Uploads/acne/acne-face/acne-face-4-4__ProtectWyJQcm90ZWN0Il0_FocusFillWzI5NCwyMjIsIngiLDFd.jpg
acne,https://dermnetnz.org/assets/Uploads/acne/acne-face/acne-face-5-4__ProtectWyJQcm90ZWN0Il0_FocusFillWzI5NCwyMjIsIngiLDFd.jpg
acne,https://dermnetnz.org/assets/Uploads/acne/acne-face/acne-face-6-2__ProtectWyJQcm90ZWN0Il0_FocusFillWzI5NCwyMjIsIngiLDFd.jpg
acne,https://dermnetnz.org/assets/Uploads/acne/acne-face/acne-face-7-2__ProtectWyJQcm90ZWN0Il0_FocusFillWzI5NCwyMjIsIngiLDFd.jpg
acne,https://dermnetnz.org/assets/Uploads/acne/acne-face/acne-face-8-2__ProtectWyJQcm90ZWN0Il0_FocusFillWzI5NCwyMjIsIngiLDFd.jpg
acne,https://dermnetnz.org/assets/Uploads/acne/acne-face/acne-face-9-1__ProtectWyJQcm90ZWN0Il0_FocusFillWzI5NCwyMjIsIngiLDE5XQ.jpg
acne,https://dermnetnz.org/assets/Uploads/acne/acne-face/acne-face-10-1__ProtectWyJQcm90ZWN0Il0_FocusFillWzI5NCwyMjIsInkiLDg1XQ.jpg
acne,https://dermnetnz.org/assets/Uploads/acne/acne-face/acne-face-11-1__ProtectWyJQcm90ZWN0Il0_FocusFillWzI5NCwyMjIsIngiLDFd.jpg
acne,https://dermnetnz.org/assets/Uploads/acne/acne-face/acne-face-12-1__ProtectWyJQcm90ZWN0Il0_FocusFillWzI5NCwyMjIsInkiLDg1XQ.jpg
acne,https://dermnetnz.org/assets/Uploads/acne/acne-face/acne-face-13-1__ProtectWyJQcm90ZWN0Il0_FocusFillWzI5NCwyMjIsIngiLDFd.jpg
acne,https://dermnetnz.org/assets/Uploads/acne/acne-face/acne-face-14-1__ProtectWyJQcm90ZWN0Il0_FocusFillWzI5NCwyMjIsIngiLDFd.jpg
acne,https://dermnetnz.org/assets/Uploads/acne/acne-face/acne-face-2-7__ProtectWyJQcm90ZWN0Il0_FocusFillWzI5NCwyMjIsIngiLDFd.jpg
acne,https://dermnetnz.org/assets/Uploads/acne/acne-face/acne-face-15-1__ProtectWyJQcm90ZWN0Il0_FocusFillWzI5NCwyMjIsIngiLDFd.jpg
acne,https://dermnetnz.org/assets/Uploads/acne/acne-face/acne-face-16-1__ProtectWyJQcm90ZWN0Il0_FocusFillWzI5NCwyMjIsInkiLDg1XQ.jpg
acne,https://dermnetnz.org/assets/Uploads/acne/acne-face/acne-face-17-1__ProtectWyJQcm90ZWN0Il0_FocusFillWzI5NCwyMjIsIngiLDFd.jpg
acne,https://dermnetnz.org/assets/Uploads/acne/acne-face/acne-face-18-1__ProtectWyJQcm90ZWN0Il0_FocusFillWzI5NCwyMjIsInkiLDg1XQ.jpg
acne,https://dermnetnz.org/assets/Uploads/acne/acne-face/acne-face-19-1__ProtectWyJQcm90ZWN0Il0_FocusFillWzI5NCwyMjIsIngiLDFd.jpg
acne,https://dermnetnz.org/assets/Uploads/acne/acne-face/acne-face-20-1__ProtectWyJQcm90ZWN0Il0_FocusFillWzI5NCwyMjIsIngiLDFd.jpg
acne,https://dermnetnz.org/assets/Uploads/acne/acne-face/acne-face-21-1__ProtectWyJQcm90ZWN0Il0_FocusFillWzI5NCwyMjIsIngiLDFd.jpg
acne,https://dermnetnz.org/assets/Uploads/acne/acne-face/acne-face-22-1__ProtectWyJQcm90ZWN0Il0_FocusFillWzI5NCwyMjIsInkiLDg1XQ.jpg
acne,https://dermnetnz.org/assets/Uploads/acne/acne-face/acne-face-23-1__ProtectWyJQcm90ZWN0Il0_FocusFillWzI5NCwyMjIsInkiLDg1XQ.jpg
acne,https://dermnetnz.org/assets/collection/Acne-vulgaris/acne-vulgaris-0002__ProtectWyJQcm90ZWN0Il0_FocusFillWzI5NCwyMjIsIngiLDFd.jpg
acne,https://dermnetnz.org/assets/Uploads/acne/acne-face/acne-face-24-1__ProtectWyJQcm90ZWN0Il0_FocusFillWzI5NCwyMjIsInkiLDg1XQ.jpg
acne,https://dermnetnz.org/assets/Uploads/acne/acne-face/acne-face-25-1__ProtectWyJQcm90ZWN0Il0_FocusFillWzI5NCwyMjIsInkiLDg1XQ.jpg
acne,https://dermnetnz.org/assets/Uploads/acne/acne-face/acne-face-26__ProtectWyJQcm90ZWN0Il0_FocusFillWzI5NCwyMjIsInkiLDg1XQ.jpg
acne,https://dermnetnz.org/assets/Uploads/acne/acne-face/acne-face-3-6__ProtectWyJQcm90ZWN0Il0_FocusFillWzI5NCwyMjIsIngiLDFd.jpg
acne,https://dermnetnz.org/assets/Uploads/acne/acne-face/acne-face-4-5__ProtectWyJQcm90ZWN0Il0_FocusFillWzI5NCwyMjIsIngiLDFd.jpg
acne,https://dermnetnz.org/assets/Uploads/acne/acne-face/acne-face-27__ProtectWyJQcm90ZWN0Il0_FocusFillWzI5NCwyMjIsIngiLDFd.jpg
acne,https://dermnetnz.org/assets/Uploads/acne/acne-face/acne-face-1-16__ProtectWyJQcm90ZWN0Il0_FocusFillWzI5NCwyMjIsInkiLDg1XQ.jpg
acne,https://dermnetnz.org/assets/Uploads/acne/acne-face/acne-face-2-8__ProtectWyJQcm90ZWN0Il0_FocusFillWzI5NCwyMjIsIngiLDFd.jpg
acne,https://dermnetnz.org/assets/Uploads/acne/acne-face/acne-face-3-7__ProtectWyJQcm90ZWN0Il0_FocusFillWzI5NCwyMjIsIngiLDFd.jpg
acne,https://dermnetnz.org/assets/Uploads/acne/acne-face/acne-face-4-6__ProtectWyJQcm90ZWN0Il0_FocusFillWzI5NCwyMjIsIngiLDFd.jpg
acne,https://dermnetnz.org/assets/Uploads/acne/acne-face/acne-face-5-5__ProtectWyJQcm90ZWN0Il0_FocusFillWzI5NCwyMjIsIngiLDFd.jpg
acne,https://dermnetnz.org/assets/Uploads/acne/acne-face/acne-face-28__ProtectWyJQcm90ZWN0Il0_FocusFillWzI5NCwyMjIsIngiLDFd.jpg
acne,https://dermnetnz.org/assets/Uploads/acne/acne-face/acne-face-29__ProtectWyJQcm90ZWN0Il0_FocusFillWzI5NCwyMjIsIngiLDFd.jpg
acne,https://dermnetnz.org/assets/Uploads/acne/acne-face/acne-face-1-17__ProtectWyJQcm90ZWN0Il0_FocusFillWzI5NCwyMjIsIngiLDFd.jpg
acne,https://dermnetnz.org/assets/Uploads/acne/acne-face/acne-face-2-9__ProtectWyJQcm90ZWN0Il0_FocusFillWzI5NCwyMjIsInkiLDg1XQ.jpg
acne,https://dermnetnz.org/assets/Uploads/acne/acne-face/acne-face-30__ProtectWyJQcm90ZWN0Il0_FocusFillWzI5NCwyMjIsIngiLDFd.jpg
acne,https://dermnetnz.org/assets/Uploads/acne/acne-face/acne-face-31__ProtectWyJQcm90ZWN0Il0_FocusFillWzI5NCwyMjIsIngiLDFd.jpg
acne,https://dermnetnz.org/assets/Uploads/acne/acne-face/acne-face-1-18__ProtectWyJQcm90ZWN0Il0_FocusFillWzI5NCwyMjIsIngiLDFd.jpg
acne,https://dermnetnz.org/assets/Uploads/acne/acne-face/acne-face-32__ProtectWyJQcm90ZWN0Il0_FocusFillWzI5NCwyMjIsIngiLDFd.jpg
acne,https://dermnetnz.org/assets/Uploads/acne/acne-face/acne-face-1-19__ProtectWyJQcm90ZWN0Il0_FocusFillWzI5NCwyMjIsIngiLDFd.jpg
acne,https://dermnetnz.org/assets/Uploads/acne/acne-face/acne-face-2-10__ProtectWyJQcm90ZWN0Il0_FocusFillWzI5NCwyMjIsIngiLDFd.jpg
acne,https://dermnetnz.org/assets/Uploads/acne/acne-face/acne-face-1-20__ProtectWyJQcm90ZWN0Il0_FocusFillWzI5NCwyMjIsIngiLDFd.jpg
acne,https://dermnetnz.org/assets/Uploads/acne/acne-face/acne-face-2-11__ProtectWyJQcm90ZWN0Il0_FocusFillWzI5NCwyMjIsIngiLDFd.jpg
acne,https://dermnetnz.org/assets/Uploads/acne/acne-face/acne-face-3-8__ProtectWyJQcm90ZWN0Il0_FocusFillWzI5NCwyMjIsIngiLDFd.jpg
acne,https://dermnetnz.org/assets/Uploads/acne/acne-face/acne-face-4-7__ProtectWyJQcm90ZWN0Il0_FocusFillWzI5NCwyMjIsIngiLDFd.jpg
acne,https://dermnetnz.org/assets/Uploads/acne/acne-face/acne-face-5-6__ProtectWyJQcm90ZWN0Il0_FocusFillWzI5NCwyMjIsIngiLDFd.jpg
acne,https://dermnetnz.org/assets/Uploads/acne/acne-face/acne-face-6-3__ProtectWyJQcm90ZWN0Il0_FocusFillWzI5NCwyMjIsIngiLDFd.jpg
acne,https://dermnetnz.org/assets/Uploads/acne/acne-face/acne-face-33__ProtectWyJQcm90ZWN0Il0_FocusFillWzI5NCwyMjIsInkiLDg1XQ.jpg
acne,https://dermnetnz.org/assets/Uploads/acne/acne-face/acne-face-34__ProtectWyJQcm90ZWN0Il0_FocusFillWzI5NCwyMjIsIngiLDFd.jpg
acne,https://dermnetnz.org/assets/Uploads/acne/acne-face/acne-face-1-21__ProtectWyJQcm90ZWN0Il0_FocusFillWzI5NCwyMjIsInkiLDg1XQ.jpg
acne,https://dermnetnz.org/assets/Uploads/acne/acne-face/acne-face-35__ProtectWyJQcm90ZWN0Il0_FocusFillWzI5NCwyMjIsIngiLDFd.jpg
acne,https://dermnetnz.org/assets/Uploads/acne/acne-face/acne-face-1-22__ProtectWyJQcm90ZWN0Il0_FocusFillWzI5NCwyMjIsIngiLDFd.jpg
acne,https://dermnetnz.org/assets/Uploads/acne/acne-face/acne-face-2-12__ProtectWyJQcm90ZWN0Il0_FocusFillWzI5NCwyMjIsIngiLDFd.jpg
acne,https://dermnetnz.org/assets/Uploads/acne/acne-face/acne-face-36__ProtectWyJQcm90ZWN0Il0_FocusFillWzI5NCwyMjIsIngiLDFd.jpg
acne,https://dermnetnz.org/assets/Uploads/acne/acne-face/acne-face-1-23__ProtectWyJQcm90ZWN0Il0_FocusFillWzI5NCwyMjIsInkiLDg1XQ.jpg
acne,https://dermnetnz.org/assets/Uploads/acne/acne-face/acne-face-2-13__ProtectWyJQcm90ZWN0Il0_FocusFillWzI5NCwyMjIsIngiLDFd.jpg
acne,https://dermnetnz.org/assets/Uploads/acne/acne-face/acne-face-37__ProtectWyJQcm90ZWN0Il0_FocusFillWzI5NCwyMjIsIngiLDFd.jpg
acne,https://dermnetnz.org/assets/Uploads/acne/acne-face/acne-face-1-24__ProtectWyJQcm90ZWN0Il0_FocusFillWzI5NCwyMjIsIngiLDFd.jpg
acne,https://dermnetnz.org/assets/Uploads/acne/acne-face/acne-face-38__ProtectWyJQcm90ZWN0Il0_FocusFillWzI5NCwyMjIsIngiLDFd.jpg
acne,https://dermnetnz.org/assets/Uploads/acne/acne-face/acne-face-1-25__ProtectWyJQcm90ZWN0Il0_FocusFillWzI5NCwyMjIsIngiLDFd.jpg
acne,https://dermnetnz.org/assets/Uploads/acne/acne-face/acne-face-39__ProtectWyJQcm90ZWN0Il0_FocusFillWzI5NCwyMjIsIngiLDE5XQ.jpg
acne,https://dermnetnz.org/assets/Uploads/acne/acne-face/acne-face-1-26__ProtectWyJQcm90ZWN0Il0_FocusFillWzI5NCwyMjIsIngiLDFd.jpg
acne,https://dermnetnz.org/assets/Uploads/acne/acne-face/acne-face-2-15__ProtectWyJQcm90ZWN0Il0_FocusFillWzI5NCwyMjIsIngiLDFd.jpg
acne,https://dermnetnz.org/assets/Uploads/acne/acne-face/acne-face-40__ProtectWyJQcm90ZWN0Il0_FocusFillWzI5NCwyMjIsIngiLDFd.jpg
acne,https://dermnetnz.org/assets/Uploads/acne/acne-face/acne-face-41__ProtectWyJQcm90ZWN0Il0_FocusFillWzI5NCwyMjIsIngiLDFd.jpg
acne,https://dermnetnz.org/assets/Uploads/acne/acne-face/acne-face-42__ProtectWyJQcm90ZWN0Il0_FocusFillWzI5NCwyMjIsIngiLDFd.jpg
acne,https://dermnetnz.org/assets/Uploads/acne/acne-face/acne-face-1-27__ProtectWyJQcm90ZWN0Il0_FocusFillWzI5NCwyMjIsIngiLDFd.jpg
acne,https://dermnetnz.org/assets/collection/Acne-vulgaris/acne-vulgaris-0001__ProtectWyJQcm90ZWN0Il0_FocusFillWzI5NCwyMjIsIngiLDFd.jpg
acne,https://dermnetnz.org/assets/Uploads/acne/acne-face/acne-face-2-16__ProtectWyJQcm90ZWN0Il0_FocusFillWzI5NCwyMjIsInkiLDg1XQ.jpg
acne,https://dermnetnz.org/assets/Uploads/acne/acne-face/acne-face-43__ProtectWyJQcm90ZWN0Il0_FocusFillWzI5NCwyMjIsIngiLDFd.jpg
acne,https://dermnetnz.org/assets/Uploads/acne/acne-face/acne-face-1-28__ProtectWyJQcm90ZWN0Il0_FocusFillWzI5NCwyMjIsIngiLDFd.jpg
acne,https://dermnetnz.org/assets/Uploads/acne/acne-face/acne-face-2-17__ProtectWyJQcm90ZWN0Il0_FocusFillWzI5NCwyMjIsIngiLDFd.jpg
acne,https://dermnetnz.org/assets/Uploads/acne/acne-face/acne-face-3-9__ProtectWyJQcm90ZWN0Il0_FocusFillWzI5NCwyMjIsIngiLDFd.jpg
acne,https://dermnetnz.org/assets/Uploads/acne/acne-face/acne-face-4-8__ProtectWyJQcm90ZWN0Il0_FocusFillWzI5NCwyMjIsIngiLDFd.jpg
acne,https://dermnetnz.org/assets/Uploads/acne/acne-face/acne-face-5-7__ProtectWyJQcm90ZWN0Il0_FocusFillWzI5NCwyMjIsIngiLDFd.jpg
acne,https://dermnetnz.org/assets/Uploads/acne/acne-face/acne-face-44__ProtectWyJQcm90ZWN0Il0_FocusFillWzI5NCwyMjIsIngiLDFd.jpg
acne,https://dermnetnz.org/assets/Uploads/acne/acne-face/acne-face-1-29__ProtectWyJQcm90ZWN0Il0_FocusFillWzI5NCwyMjIsIngiLDFd.jpg
acne,https://dermnetnz.org/assets/Uploads/acne/acne-face/acne-face-45__ProtectWyJQcm90ZWN0Il0_FocusFillWzI5NCwyMjIsIngiLDFd.jpg
acne,https://dermnetnz.org/assets/Uploads/acne/acne-face/acne-face-46__ProtectWyJQcm90ZWN0Il0_FocusFillWzI5NCwyMjIsIngiLDFd.jpg
acne,https://dermnetnz.org/assets/Uploads/acne/acne-face/acne-face-47__ProtectWyJQcm90ZWN0Il0_FocusFillWzI5NCwyMjIsIngiLDFd.jpg
acne,https://dermnetnz.org/assets/Uploads/acne/acne-face/acne-face-1-30__ProtectWyJQcm90ZWN0Il0_FocusFillWzI5NCwyMjIsIngiLDFd.jpg
acne,https://dermnetnz.org/assets/Uploads/acne/acne-face/acne-face-2-18__ProtectWyJQcm90ZWN0Il0_FocusFillWzI5NCwyMjIsInkiLDEyXQ.jpg
acne,https://dermnetnz.org/assets/Uploads/acne/acne-face/acne-face-48__ProtectWyJQcm90ZWN0Il0_FocusFillWzI5NCwyMjIsIngiLDFd.jpg
acne,https://dermnetnz.org/assets/Uploads/acne/acne-face/acne-face-49__ProtectWyJQcm90ZWN0Il0_FocusFillWzI5NCwyMjIsIngiLDFd.jpg
acne,https://dermnetnz.org/assets/Uploads/acne/acne-face/acne-face-1-31__ProtectWyJQcm90ZWN0Il0_FocusFillWzI5NCwyMjIsIngiLDFd.jpg
acne,https://dermnetnz.org/assets/Uploads/acne/acne-face/acne-face-50__ProtectWyJQcm90ZWN0Il0_FocusFillWzI5NCwyMjIsIngiLDFd.jpg
acne,https://dermnetnz.org/assets/Uploads/acne/acne-face/acne-face-1-32__ProtectWyJQcm90ZWN0Il0_FocusFillWzI5NCwyMjIsIngiLDIwXQ.jpg
acne,https://dermnetnz.org/assets/Uploads/acne/acne-face/acne-face-2-19__ProtectWyJQcm90ZWN0Il0_FocusFillWzI5NCwyMjIsIngiLDFd.jpg
acne,https://dermnetnz.org/assets/Uploads/acne/acne-face/acne-face-51__ProtectWyJQcm90ZWN0Il0_FocusFillWzI5NCwyMjIsIngiLDFd.jpg
acne,https://dermnetnz.org/assets/Uploads/acne/acne-face/acne-face-52__ProtectWyJQcm90ZWN0Il0_FocusFillWzI5NCwyMjIsIngiLDFd.jpg
acne,https://dermnetnz.org/assets/Uploads/acne/acne-face/acne-face-1-33__ProtectWyJQcm90ZWN0Il0_FocusFillWzI5NCwyMjIsIngiLDFd.jpg
acne,https://dermnetnz.org/assets/Uploads/acne/acne-face/acne-face-2-20__ProtectWyJQcm90ZWN0Il0_FocusFillWzI5NCwyMjIsInkiLDg1XQ.jpg
acne,https://dermnetnz.org/assets/Uploads/acne/acne-face/acne-face-3-10__ProtectWyJQcm90ZWN0Il0_FocusFillWzI5NCwyMjIsInkiLDg1XQ.jpg
acne,https://dermnetnz.org/assets/Uploads/acne/acne-face/acne-face-53__ProtectWyJQcm90ZWN0Il0_FocusFillWzI5NCwyMjIsInkiLDg1XQ.jpg
acne,https://dermnetnz.org/assets/Uploads/acne/acne-face/acne-face-1-34__ProtectWyJQcm90ZWN0Il0_FocusFillWzI5NCwyMjIsInkiLDg1XQ.jpg
acne,https://dermnetnz.org/assets/Uploads/acne/acne-face/acne-face-2-21__ProtectWyJQcm90ZWN0Il0_FocusFillWzI5NCwyMjIsInkiLDg1XQ.jpg
acne,https://dermnetnz.org/assets/Uploads/acne/acne-face/acne-face-54__ProtectWyJQcm90ZWN0Il0_FocusFillWzI5NCwyMjIsIngiLDFd.jpg
acne,https://dermnetnz.org/assets/Uploads/acne/acne-face/acne-face-1-35__ProtectWyJQcm90ZWN0Il0_FocusFillWzI5NCwyMjIsIngiLDFd.jpg
acne,https://dermnetnz.org/assets/Uploads/acne/acne-face/acne-face-2-22__ProtectWyJQcm90ZWN0Il0_FocusFillWzI5NCwyMjIsIngiLDFd.jpg
acne,https://dermnetnz.org/assets/Uploads/acne/acne-face/acne-face-3-11__ProtectWyJQcm90ZWN0Il0_FocusFillWzI5NCwyMjIsIngiLDFd.jpg
acne,https://dermnetnz.org/assets/Uploads/acne/acne-face/acne-face-55__ProtectWyJQcm90ZWN0Il0_FocusFillWzI5NCwyMjIsIngiLDFd.jpg
acne,https://dermnetnz.org/assets/Uploads/acne/acne-face/acne-face-56__ProtectWyJQcm90ZWN0Il0_FocusFillWzI5NCwyMjIsIngiLDFd.jpg
acne,https://dermnetnz.org/assets/Uploads/acne/acne-face/acne-face-1-36__ProtectWyJQcm90ZWN0Il0_FocusFillWzI5NCwyMjIsIngiLDFd.jpg
acne,https://dermnetnz.org/assets/Uploads/acne/acne-face/acne-face-2-23__ProtectWyJQcm90ZWN0Il0_FocusFillWzI5NCwyMjIsIngiLDFd.jpg
acne,https://dermnetnz.org/assets/Uploads/acne/acne-face/acne-face-3-12__ProtectWyJQcm90ZWN0Il0_FocusFillWzI5NCwyMjIsIngiLDFd.jpg
acne,https://dermnetnz.org/assets/Uploads/acne/acne-face/acne-face-4-9__ProtectWyJQcm90ZWN0Il0_FocusFillWzI5NCwyMjIsIngiLDFd.jpg
acne,https://dermnetnz.org/assets/Uploads/acne/acne-face/acne-face-57__ProtectWyJQcm90ZWN0Il0_FocusFillWzI5NCwyMjIsIngiLDFd.jpg
acne,https://dermnetnz.org/assets/Uploads/acne/acne-face/acne-face-58__ProtectWyJQcm90ZWN0Il0_FocusFillWzI5NCwyMjIsIngiLDFd.jpg
acne,https://dermnetnz.org/assets/Uploads/acne/acne-face/acne-face-1-37__ProtectWyJQcm90ZWN0Il0_FocusFillWzI5NCwyMjIsIngiLDFd.jpg
acne,https://dermnetnz.org/assets/Uploads/acne/acne-face/acne-face-2-24__ProtectWyJQcm90ZWN0Il0_FocusFillWzI5NCwyMjIsIngiLDFd.jpg
acne,https://dermnetnz.org/assets/Uploads/acne/acne-face/acne-face-3-13__ProtectWyJQcm90ZWN0Il0_FocusFillWzI5NCwyMjIsIngiLDFd.jpg
acne,https://dermnetnz.org/assets/Uploads/acne/acne-face/acne-face-59__ProtectWyJQcm90ZWN0Il0_FocusFillWzI5NCwyMjIsIngiLDFd.jpg
acne,https://dermnetnz.org/assets/Uploads/acne/acne-face/acne-face-1-38__ProtectWyJQcm90ZWN0Il0_FocusFillWzI5NCwyMjIsIngiLDFd.jpg
acne,https://dermnetnz.org/assets/Uploads/acne/acne-face/acne-face-2-25__ProtectWyJQcm90ZWN0Il0_FocusFillWzI5NCwyMjIsIngiLDFd.jpg
acne,https://dermnetnz.org/assets/Uploads/acne/acne-face/acne-face-3-14__ProtectWyJQcm90ZWN0Il0_FocusFillWzI5NCwyMjIsIngiLDFd.jpg
acne,https://dermnetnz.org/assets/Uploads/acne/acne-face/acne-face-4-10__ProtectWyJQcm90ZWN0Il0_FocusFillWzI5NCwyMjIsIngiLDIwXQ.jpg
acne,https://dermnetnz.org/assets/Uploads/acne/acne-face/acne-face-5-8__ProtectWyJQcm90ZWN0Il0_FocusFillWzI5NCwyMjIsIngiLDFd.jpg
acne,https://dermnetnz.org/assets/Uploads/acne/acne-face/acne-face-1-39__ProtectWyJQcm90ZWN0Il0_FocusFillWzI5NCwyMjIsInkiLDg1XQ.jpg
acne,https://dermnetnz.org/assets/Uploads/acne/acne-face/acne-face-2-26__ProtectWyJQcm90ZWN0Il0_FocusFillWzI5NCwyMjIsInkiLDg1XQ.jpg
acne,https://dermnetnz.org/assets/Uploads/acne/acne-face/acne-face-3-15__ProtectWyJQcm90ZWN0Il0_FocusFillWzI5NCwyMjIsInkiLDg1XQ.jpg
acne,https://dermnetnz.org/assets/Uploads/acne/acne-face/acne-face-4-11__ProtectWyJQcm90ZWN0Il0_FocusFillWzI5NCwyMjIsInkiLDg1XQ.jpg
acne,https://dermnetnz.org/assets/Uploads/acne/acne-face/acne-face-61__ProtectWyJQcm90ZWN0Il0_FocusFillWzI5NCwyMjIsInkiLDg1XQ.jpg
acne,https://dermnetnz.org/assets/Uploads/acne/acne-face/acne-face-1-40__ProtectWyJQcm90ZWN0Il0_FocusFillWzI5NCwyMjIsInkiLDUyXQ.jpg
acne,https://dermnetnz.org/assets/Uploads/acne/acne-face/acne-face-62__ProtectWyJQcm90ZWN0Il0_FocusFillWzI5NCwyMjIsIngiLDFd.jpg
acne,https://dermnetnz.org/assets/Uploads/acne/acne-face/acne-face-1-41__ProtectWyJQcm90ZWN0Il0_FocusFillWzI5NCwyMjIsInkiLDMxXQ.jpg
acne,https://dermnetnz.org/assets/Uploads/acne/acne-face/acne-face-2-27__ProtectWyJQcm90ZWN0Il0_FocusFillWzI5NCwyMjIsIngiLDFd.jpg
acne,https://dermnetnz.org/assets/Uploads/acne/acne-face/acne-face-3-16__ProtectWyJQcm90ZWN0Il0_FocusFillWzI5NCwyMjIsIngiLDFd.jpg
acne,https://dermnetnz.org/assets/Uploads/acne-face-60__ProtectWyJQcm90ZWN0Il0_FocusFillWzI5NCwyMjIsIngiLDFd.JPG
acne,https://dermnetnz.org/assets/Uploads/acne/acne-face/acne-face-63__ProtectWyJQcm90ZWN0Il0_FocusFillWzI5NCwyMjIsIngiLDFd.jpg
acne,https://dermnetnz.org/assets/Uploads/acne/acne-face/acne-face-1-42__ProtectWyJQcm90ZWN0Il0_FocusFillWzI5NCwyMjIsIngiLDFd.jpg
acne,https://dermnetnz.org/assets/Uploads/acne/acne-face/acne-face-2-28__ProtectWyJQcm90ZWN0Il0_FocusFillWzI5NCwyMjIsIngiLDFd.jpg
acne,https://dermnetnz.org/assets/Uploads/acne/acne-face/acne-face-3-17__ProtectWyJQcm90ZWN0Il0_FocusFillWzI5NCwyMjIsIngiLDFd.jpg
acne,https://dermnetnz.org/assets/Uploads/acne/acne-face/acne-face-64__ProtectWyJQcm90ZWN0Il0_FocusFillWzI5NCwyMjIsIngiLDFd.jpg
acne,https://dermnetnz.org/assets/Uploads/acne/acne-face/acne-face-1-43__ProtectWyJQcm90ZWN0Il0_FocusFillWzI5NCwyMjIsIngiLDFd.jpg
acne,https://dermnetnz.org/assets/Uploads/acne/acne-face/acne-face-65__ProtectWyJQcm90ZWN0Il0_FocusFillWzI5NCwyMjIsIngiLDFd.jpg
acne,https://dermnetnz.org/assets/Uploads/acne/acne-face/acne-face-1-44__ProtectWyJQcm90ZWN0Il0_FocusFillWzI5NCwyMjIsInkiLDg1XQ.jpg
acne,https://dermnetnz.org/assets/Uploads/acne/acne-face/acne-face-66__ProtectWyJQcm90ZWN0Il0_FocusFillWzI5NCwyMjIsIngiLDFd.jpg
acne,https://dermnetnz.org/assets/Uploads/acne/acne-face/acne-face-67__ProtectWyJQcm90ZWN0Il0_FocusFillWzI5NCwyMjIsInkiLDg1XQ.jpg
acne,https://dermnetnz.org/assets/Uploads/acne/acne-face/acne-face-68__ProtectWyJQcm90ZWN0Il0_FocusFillWzI5NCwyMjIsIngiLDFd.jpg
acne,https://dermnetnz.org/assets/Uploads/acne/acne-face/acne-face-1-45__ProtectWyJQcm90ZWN0Il0_FocusFillWzI5NCwyMjIsIngiLDFd.jpg
acne,https://dermnetnz.org/assets/Uploads/acne/acne-face/acne-face-69__ProtectWyJQcm90ZWN0Il0_FocusFillWzI5NCwyMjIsIngiLDFd.jpg
acne,https://dermnetnz.org/assets/Uploads/acne/acne-face/acne-face-1-46__ProtectWyJQcm90ZWN0Il0_FocusFillWzI5NCwyMjIsIngiLDFd.jpg
acne,https://dermnetnz.org/assets/Uploads/acne/acne-face/acne-face-2-29__ProtectWyJQcm90ZWN0Il0_FocusFillWzI5NCwyMjIsIngiLDFd.jpg
acne,https://dermnetnz.org/assets/Uploads/acne/acne-face/acne-face-70__ProtectWyJQcm90ZWN0Il0_FocusFillWzI5NCwyMjIsIngiLDFd.jpg
acne,https://dermnetnz.org/assets/Uploads/acne/acne-face/acne-face-1-47__ProtectWyJQcm90ZWN0Il0_FocusFillWzI5NCwyMjIsIngiLDFd.jpg
acne,https://dermnetnz.org/assets/Uploads/acne/acne-face/acne-face-71__ProtectWyJQcm90ZWN0Il0_FocusFillWzI5NCwyMjIsIngiLDFd.jpg
acne,https://dermnetnz.org/assets/Uploads/acne/acne-face/acne-face-1-48__ProtectWyJQcm90ZWN0Il0_FocusFillWzI5NCwyMjIsIngiLDFd.jpg
acne,https://dermnetnz.org/assets/Uploads/acne/acne-face/acne-face-2-30__ProtectWyJQcm90ZWN0Il0_FocusFillWzI5NCwyMjIsIngiLDFd.jpg
acne,https://dermnetnz.org/assets/Uploads/acne/acne-face/acne-face-3-18__ProtectWyJQcm90ZWN0Il0_FocusFillWzI5NCwyMjIsIngiLDFd.jpg
acne,https://dermnetnz.org/assets/Uploads/acne/acne-face/acne-face-72__ProtectWyJQcm90ZWN0Il0_FocusFillWzI5NCwyMjIsIngiLDFd.jpg
acne,https://dermnetnz.org/assets/Uploads/acne/acne-face/acne-face-73__ProtectWyJQcm90ZWN0Il0_FocusFillWzI5NCwyMjIsIngiLDFd.jpg
acne,https://dermnetnz.org/assets/Uploads/acne/acne-face/acne-face-1-49__ProtectWyJQcm90ZWN0Il0_FocusFillWzI5NCwyMjIsIngiLDFd.jpg
acne,https://dermnetnz.org/assets/Uploads/acne/acne-face/acne-face-2-31__ProtectWyJQcm90ZWN0Il0_FocusFillWzI5NCwyMjIsIngiLDFd.jpg
acne,https://dermnetnz.org/assets/Uploads/acne/acne-face/acne-face-3-19__ProtectWyJQcm90ZWN0Il0_FocusFillWzI5NCwyMjIsIngiLDFd.jpg
acne,https://dermnetnz.org/assets/Uploads/acne/acne-face/acne-face-4-12__ProtectWyJQcm90ZWN0Il0_FocusFillWzI5NCwyMjIsInkiLDg1XQ.jpg
acne,https://dermnetnz.org/assets/Uploads/acne/acne-face/acne-face-74__ProtectWyJQcm90ZWN0Il0_FocusFillWzI5NCwyMjIsIngiLDFd.jpg
acne,https://dermnetnz.org/assets/Uploads/acne/acne-face/acne-face-1-50__ProtectWyJQcm90ZWN0Il0_FocusFillWzI5NCwyMjIsIngiLDFd.jpg
acne,https://dermnetnz.org/assets/Uploads/acne/acne-face/acne-face-2-32__ProtectWyJQcm90ZWN0Il0_FocusFillWzI5NCwyMjIsIngiLDFd.jpg
acne,https://dermnetnz.org/assets/Uploads/acne/acne-face/acne-face-3-20__ProtectWyJQcm90ZWN0Il0_FocusFillWzI5NCwyMjIsIngiLDFd.jpg
acne,https://dermnetnz.org/assets/Uploads/acne/acne-face/acne-face-4-13__ProtectWyJQcm90ZWN0Il0_FocusFillWzI5NCwyMjIsIngiLDFd.jpg
acne,https://dermnetnz.org/assets/Uploads/acne/acne-face/acne-face-5-9__ProtectWyJQcm90ZWN0Il0_FocusFillWzI5NCwyMjIsIngiLDFd.jpg
acne,https://dermnetnz.org/assets/Uploads/acne/acne-face/acne-face-6-4__ProtectWyJQcm90ZWN0Il0_FocusFillWzI5NCwyMjIsIngiLDFd.jpg
acne,https://dermnetnz.org/assets/Uploads/acne/acne-face/acne-face-7-3__ProtectWyJQcm90ZWN0Il0_FocusFillWzI5NCwyMjIsIngiLDFd.jpg
acne,https://dermnetnz.org/assets/Uploads/acne/acne-face/acne-face-8-3__ProtectWyJQcm90ZWN0Il0_FocusFillWzI5NCwyMjIsIngiLDFd.jpg
acne,https://dermnetnz.org/assets/Uploads/acne/acne-face/acne-face-75__ProtectWyJQcm90ZWN0Il0_FocusFillWzI5NCwyMjIsIngiLDFd.jpg
acne,https://dermnetnz.org/assets/Uploads/acne/acne-face/acne-face-1-51__ProtectWyJQcm90ZWN0Il0_FocusFillWzI5NCwyMjIsIngiLDFd.jpg
acne,https://dermnetnz.org/assets/Uploads/acne/acne-face/acne-face-76__ProtectWyJQcm90ZWN0Il0_FocusFillWzI5NCwyMjIsIngiLDFd.jpg
acne,https://dermnetnz.org/assets/Uploads/acne/acne-face/acne-face-1-52__ProtectWyJQcm90ZWN0Il0_FocusFillWzI5NCwyMjIsIngiLDFd.jpg
acne,https://dermnetnz.org/assets/Uploads/acne/acne-face/acne-face-2-33__ProtectWyJQcm90ZWN0Il0_FocusFillWzI5NCwyMjIsIngiLDFd.jpg
acne,https://dermnetnz.org/assets/Uploads/acne/acne-face/acne-face-3-21__ProtectWyJQcm90ZWN0Il0_FocusFillWzI5NCwyMjIsIngiLDFd.jpg
acne,https://dermnetnz.org/assets/Uploads/acne/acne-face/acne-face-77__ProtectWyJQcm90ZWN0Il0_FocusFillWzI5NCwyMjIsIngiLDFd.jpg
acne,https://dermnetnz.org/assets/Uploads/acne/acne-face/acne-face-78__ProtectWyJQcm90ZWN0Il0_FocusFillWzI5NCwyMjIsIngiLDFd.jpg
acne,https://dermnetnz.org/assets/Uploads/acne/acne-face/acne-face-1-53__ProtectWyJQcm90ZWN0Il0_FocusFillWzI5NCwyMjIsIngiLDFd.jpg
acne,https://dermnetnz.org/assets/Uploads/acne/acne-face/acne-face-2-34__ProtectWyJQcm90ZWN0Il0_FocusFillWzI5NCwyMjIsIngiLDFd.jpg
acne,https://dermnetnz.org/assets/Uploads/acne/acne-face/acne-face-3-22__ProtectWyJQcm90ZWN0Il0_FocusFillWzI5NCwyMjIsIngiLDFd.jpg
acne,https://dermnetnz.org/assets/Uploads/acne/acne-face/acne-face-4-14__ProtectWyJQcm90ZWN0Il0_FocusFillWzI5NCwyMjIsIngiLDFd.jpg
acne,https://dermnetnz.org/assets/Uploads/acne/acne-face/acne-face-79__ProtectWyJQcm90ZWN0Il0_FocusFillWzI5NCwyMjIsIngiLDFd.jpg
acne,https://dermnetnz.org/assets/Uploads/acne/acne-face/acne-face-2-35__ProtectWyJQcm90ZWN0Il0_FocusFillWzI5NCwyMjIsIngiLDFd.jpg
acne,https://dermnetnz.org/assets/Uploads/acne/acne-face/acne-face-3-23__ProtectWyJQcm90ZWN0Il0_FocusFillWzI5NCwyMjIsIngiLDFd.jpg
acne,https://dermnetnz.org/assets/Uploads/acne/acne-face/acne-face-6-5__ProtectWyJQcm90ZWN0Il0_FocusFillWzI5NCwyMjIsInkiLDVd.jpg
acne,https://dermnetnz.org/assets/Uploads/acne/acne-face/acne-face-2-36__ProtectWyJQcm90ZWN0Il0_FocusFillWzI5NCwyMjIsIngiLDFd.jpg
acne,https://dermnetnz.org/assets/Uploads/acne/acne-face/acne-face-4-15__ProtectWyJQcm90ZWN0Il0_FocusFillWzI5NCwyMjIsIngiLDFd.jpg
acne,https://dermnetnz.org/assets/Uploads/aknekomedot__ProtectWyJQcm90ZWN0Il0_FocusFillWzI5NCwyMjIsIngiLDE5XQ.JPG
acne,https://dermnetnz.org/assets/Uploads/acne/acne-face/acne-face-80__ProtectWyJQcm90ZWN0Il0_FocusFillWzI5NCwyMjIsIngiLDIzXQ.jpg
acne,https://dermnetnz.org/assets/Uploads/acne/infantile-acne5__ProtectWyJQcm90ZWN0Il0_FocusFillWzI5NCwyMjIsIngiLDFd.jpg
acne,https://dermnetnz.org/assets/Uploads/acne/infantile-acne1__ProtectWyJQcm90ZWN0Il0_FocusFillWzI5NCwyMjIsIngiLDFd.jpg
acne,https://dermnetnz.org/assets/Uploads/acne/infantile-acne2__ProtectWyJQcm90ZWN0Il0_FocusFillWzI5NCwyMjIsIngiLDFd.jpg
acne,https://dermnetnz.org/assets/Uploads/acne/infantile-acne4__ProtectWyJQcm90ZWN0Il0_FocusFillWzI5NCwyMjIsIngiLDE3XQ.jpg
eczema,https://dermnetnz.org/assets/collection/Atopic-dermatitis/atopic-dermatitis-0001__ProtectWyJQcm90ZWN0Il0_FocusFillWzI5NCwyMjIsIngiLDFd.jpg
eczema,https://dermnetnz.org/assets/collection/Atopic-dermatitis/atopic-dermatitis-0002__ProtectWyJQcm90ZWN0Il0_FocusFillWzI5NCwyMjIsInkiLDRd.jpg
eczema,https://dermnetnz.org/assets/collection/Atopic-dermatitis/atopic-dermatitis-0003__ProtectWyJQcm90ZWN0Il0_FocusFillWzI5NCwyMjIsIngiLDFd.jpg
eczema,https://dermnetnz.org/assets/collection/Atopic-dermatitis/atopic-dermatitis-0004__ProtectWyJQcm90ZWN0Il0_FocusFillWzI5NCwyMjIsIngiLDFd.jpg
eczema,https://dermnetnz.org/assets/collection/Atopic-dermatitis/atopic-dermatitis-0005__ProtectWyJQcm90ZWN0Il0_FocusFillWzI5NCwyMjIsIngiLDFd.jpg
eczema,https://dermnetnz.org/assets/collection/Atopic-dermatitis/atopic-dermatitis-0006__ProtectWyJQcm90ZWN0Il0_FocusFillWzI5NCwyMjIsIngiLDFd.jpg
eczema,https://dermnetnz.org/assets/collection/Atopic-dermatitis/atopic-dermatitis-0007__ProtectWyJQcm90ZWN0Il0_FocusFillWzI5NCwyMjIsIngiLDFd.jpg
eczema,https://dermnetnz.org/assets/collection/Atopic-dermatitis/atopic-dermatitis-0008__ProtectWyJQcm90ZWN0Il0_FocusFillWzI5NCwyMjIsIngiLDFd.jpg
eczema,https://dermnetnz.org/assets/collection/Atopic-dermatitis/atopic-dermatitis-0009__ProtectWyJQcm90ZWN0Il0_FocusFillWzI5NCwyMjIsIngiLDFd.jpg
eczema,https://dermnetnz.org/assets/collection/Atopic-dermatitis/atopic-dermatitis-0010__ProtectWyJQcm90ZWN0Il0_FocusFillWzI5NCwyMjIsIngiLDFd.jpg
eczema,https://dermnetnz.org/assets/collection/Atopic-dermatitis/atopic-dermatitis-0011__ProtectWyJQcm90ZWN0Il0_FocusFillWzI5NCwyMjIsIngiLDFd.jpg
eczema,https://dermnetnz.org/assets/collection/Atopic-dermatitis/atopic-dermatitis-0012__ProtectWyJQcm90ZWN0Il0_FocusFillWzI5NCwyMjIsIngiLDFd.jpg
eczema,https://dermnetnz.org/assets/collection/Atopic-dermatitis/atopic-dermatitis-0013__ProtectWyJQcm90ZWN0Il0_FocusFillWzI5NCwyMjIsIngiLDFd.jpg
eczema,https://dermnetnz.org/assets/collection/Atopic-dermatitis/atopic-dermatitis-0014__ProtectWyJQcm90ZWN0Il0_FocusFillWzI5NCwyMjIsIngiLDFd.jpg
eczema,https://dermnetnz.org/assets/collection/Atopic-dermatitis/atopic-dermatitis-0015__ProtectWyJQcm90ZWN0Il0_FocusFillWzI5NCwyMjIsIngiLDFd.jpg
eczema,https://dermnetnz.org/assets/collection/Atopic-dermatitis/atopic-dermatitis-0016__ProtectWyJQcm90ZWN0Il0_FocusFillWzI5NCwyMjIsIngiLDFd.jpg
eczema,https://dermnetnz.org/assets/collection/Atopic-dermatitis/atopic-dermatitis-0017__ProtectWyJQcm90ZWN0Il0_FocusFillWzI5NCwyMjIsIngiLDFd.jpg
eczema,https://dermnetnz.org/assets/collection/Atopic-dermatitis/atopic-dermatitis-0018__ProtectWyJQcm90ZWN0Il0_FocusFillWzI5NCwyMjIsIngiLDFd.jpg
eczema,https://dermnetnz.org/assets/collection/Atopic-dermatitis/atopic-dermatitis-0019__ProtectWyJQcm90ZWN0Il0_FocusFillWzI5NCwyMjIsIngiLDFd.jpg
eczema,https://dermnetnz.org/assets/collection/Atopic-dermatitis/atopic-dermatitis-0020__ProtectWyJQcm90ZWN0Il0_FocusFillWzI5NCwyMjIsIngiLDFd.jpg
eczema,https://dermnetnz.org/assets/collection/Atopic-dermatitis/atopic-dermatitis-0021__ProtectWyJQcm90ZWN0Il0_FocusFillWzI5NCwyMjIsIngiLDFd.jpg
eczema,https://dermnetnz.org/assets/collection/Atopic-dermatitis/atopic-dermatitis-0022__ProtectWyJQcm90ZWN0Il0_FocusFillWzI5NCwyMjIsIngiLDFd.jpg
eczema,https://dermnetnz.org/assets/collection/Atopic-dermatitis/atopic-dermatitis-0023__ProtectWyJQcm90ZWN0Il0_FocusFillWzI5NCwyMjIsIngiLDFd.jpg
eczema,https://dermnetnz.org/assets/collection/Atopic-dermatitis/atopic-dermatitis-0024__ProtectWyJQcm90ZWN0Il0_FocusFillWzI5NCwyMjIsIngiLDFd.jpg
eczema,https://dermnetnz.org/assets/collection/Atopic-dermatitis/atopic-dermatitis-0025__ProtectWyJQcm90ZWN0Il0_FocusFillWzI5NCwyMjIsIngiLDFd.jpg
eczema,https://dermnetnz.org/assets/collection/Atopic-dermatitis/atopic-dermatitis-0026__ProtectWyJQcm90ZWN0Il0_FocusFillWzI5NCwyMjIsIngiLDFd.jpg
eczema,https://dermnetnz.org/assets/collection/Atopic-dermatitis/atopic-dermatitis-0027__ProtectWyJQcm90ZWN0Il0_FocusFillWzI5NCwyMjIsIngiLDFd.jpg
eczema,https://dermnetnz.org/assets/collection/Atopic-dermatitis/atopic-dermatitis-0028__ProtectWyJQcm90ZWN0Il0_FocusFillWzI5NCwyMjIsIngiLDFd.jpg
eczema,https://dermnetnz.org/assets/collection/Atopic-dermatitis/atopic-dermatitis-0029__ProtectWyJQcm90ZWN0Il0_FocusFillWzI5NCwyMjIsIngiLDFd.jpg
eczema,https://dermnetnz.org/assets/collection/Atopic-dermatitis/atopic-dermatitis-0030__ProtectWyJQcm90ZWN0Il0_FocusFillWzI5NCwyMjIsIngiLDFd.jpg
eczema,https://dermnetnz.org/assets/collection/Atopic-dermatitis/atopic-dermatitis-0031__ProtectWyJQcm90ZWN0Il0_FocusFillWzI5NCwyMjIsIngiLDFd.jpg
eczema,https://dermnetnz.org/assets/collection/Atopic-dermatitis/atopic-dermatitis-0032__ProtectWyJQcm90ZWN0Il0_FocusFillWzI5NCwyMjIsIngiLDFd.jpg
eczema,https://dermnetnz.org/assets/collection/Atopic-dermatitis/atopic-dermatitis-0033__ProtectWyJQcm90ZWN0Il0_FocusFillWzI5NCwyMjIsIngiLDFd.jpg
eczema,https://dermnetnz.org/assets/collection/Atopic-dermatitis/atopic-dermatitis-0034__ProtectWyJQcm90ZWN0Il0_FocusFillWzI5NCwyMjIsIngiLDFd.jpg
eczema,https://dermnetnz.org/assets/collection/Atopic-dermatitis/atopic-dermatitis-0035__ProtectWyJQcm90ZWN0Il0_FocusFillWzI5NCwyMjIsIngiLDFd.jpg
eczema,https://dermnetnz.org/assets/collection/Atopic-dermatitis/atopic-dermatitis-0036__ProtectWyJQcm90ZWN0Il0_FocusFillWzI5NCwyMjIsIngiLDFd.jpg
eczema,https://dermnetnz.org/assets/collection/Atopic-dermatitis/atopic-dermatitis-0037__ProtectWyJQcm90ZWN0Il0_FocusFillWzI5NCwyMjIsIngiLDFd.jpg
eczema,https://dermnetnz.org/assets/collection/Atopic-dermatitis/atopic-dermatitis-0038__ProtectWyJQcm90ZWN0Il0_FocusFillWzI5NCwyMjIsIngiLDFd.jpg
eczema,https://dermnetnz.org/assets/collection/Atopic-dermatitis/atopic-dermatitis-0039__ProtectWyJQcm90ZWN0Il0_FocusFillWzI5NCwyMjIsIngiLDFd.jpg
eczema,https://dermnetnz.org/assets/collection/Atopic-dermatitis/atopic-dermatitis-0040__ProtectWyJQcm90ZWN0Il0_FocusFillWzI5NCwyMjIsIngiLDFd.jpg
eczema,https://dermnetnz.org/assets/collection/Atopic-dermatitis/atopic-dermatitis-0041__ProtectWyJQcm90ZWN0Il0_FocusFillWzI5NCwyMjIsIngiLDFd.jpg
eczema,https://dermnetnz.org/assets/collection/Atopic-dermatitis/atopic-dermatitis-0042__ProtectWyJQcm90ZWN0Il0_FocusFillWzI5NCwyMjIsIngiLDFd.jpg
eczema,https://dermnetnz.org/assets/collection/Atopic-dermatitis/atopic-dermatitis-0043__ProtectWyJQcm90ZWN0Il0_FocusFillWzI5NCwyMjIsIngiLDFd.jpg
eczema,https://dermnetnz.org/assets/collection/Atopic-dermatitis/atopic-dermatitis-0044__ProtectWyJQcm90ZWN0Il0_FocusFillWzI5NCwyMjIsIngiLDFd.jpg
eczema,https://dermnetnz.org/assets/collection/Atopic-dermatitis/atopic-dermatitis-0045__ProtectWyJQcm90ZWN0Il0_FocusFillWzI5NCwyMjIsIngiLDFd.jpg
eczema,https://dermnetnz.org/assets/collection/Atopic-dermatitis/atopic-dermatitis-0046__ProtectWyJQcm90ZWN0Il0_FocusFillWzI5NCwyMjIsIngiLDFd.jpg
eczema,https://dermnetnz.org/assets/Uploads/dermatitis/atopic1__ProtectWyJQcm90ZWN0Il0_FocusFillWzI5NCwyMjIsIngiLDFd.jpg
eczema,https://dermnetnz.org/assets/Uploads/dermatitis/s/atopic27__ProtectWyJQcm90ZWN0Il0_FocusFillWzI5NCwyMjIsInkiLDIyXQ.jpg
eczema,https://dermnetnz.org/assets/Uploads/dermatitis/s/atopic13__ProtectWyJQcm90ZWN0Il0_FocusFillWzI5NCwyMjIsIngiLDFd.jpg
eczema,https://dermnetnz.org/assets/Uploads/dermatitis/s/atopic11__ProtectWyJQcm90ZWN0Il0_FocusFillWzI5NCwyMjIsIngiLDFd.jpg
eczema,https://dermnetnz.org/assets/Uploads/dermatitis/atopic39__ProtectWyJQcm90ZWN0Il0_FocusFillWzI5NCwyMjIsIngiLDFd.jpg
eczema,https://dermnetnz.org/assets/Uploads/dermatitis/atopic2__ProtectWyJQcm90ZWN0Il0_FocusFillWzI5NCwyMjIsIngiLDBd.jpg
eczema,https://dermnetnz.org/assets/Uploads/dermatitis/atopic32__ProtectWyJQcm90ZWN0Il0_FocusFillWzI5NCwyMjIsIngiLDFd.jpg
eczema,https://dermnetnz.org/assets/Uploads/dermatitis/s/atopic9__ProtectWyJQcm90ZWN0Il0_FocusFillWzI5NCwyMjIsIngiLDEzXQ.jpg
eczema,https://dermnetnz.org/assets/Uploads/dermatitis/atopic33__ProtectWyJQcm90ZWN0Il0_FocusFillWzI5NCwyMjIsIngiLDFd.jpg
eczema,https://dermnetnz.org/assets/Uploads/dermatitis/s/atopic14__ProtectWyJQcm90ZWN0Il0_FocusFillWzI5NCwyMjIsIngiLDRd.jpg
eczema,https://dermnetnz.org/assets/Uploads/dermatitis/atopic41__ProtectWyJQcm90ZWN0Il0_FocusFillWzI5NCwyMjIsIngiLDFd.jpg
eczema,https://dermnetnz.org/assets/Uploads/dermatitis/s/atopic26__ProtectWyJQcm90ZWN0Il0_FocusFillWzI5NCwyMjIsIngiLDE5XQ.jpg
eczema,https://dermnetnz.org/assets/Uploads/dermatitis/s/atopic16__ProtectWyJQcm90ZWN0Il0_FocusFillWzI5NCwyMjIsIngiLDFd.jpg
eczema,https://dermnetnz.org/assets/Uploads/dermatitis/s/atopic4__ProtectWyJQcm90ZWN0Il0_FocusFillWzI5NCwyMjIsInkiLDdd.jpg
eczema,https://dermnetnz.org/assets/Uploads/dermatitis/atopic34__ProtectWyJQcm90ZWN0Il0_FocusFillWzI5NCwyMjIsIngiLDFd.jpg
eczema,https://dermnetnz.org/assets/Uploads/dermatitis/atopic36__ProtectWyJQcm90ZWN0Il0_FocusFillWzI5NCwyMjIsIngiLDFd.jpg
eczema,https://dermnetnz.org/assets/Uploads/dermatitis/atopic42__ProtectWyJQcm90ZWN0Il0_FocusFillWzI5NCwyMjIsIngiLDJd.jpg
eczema,https://dermnetnz.org/assets/Uploads/dermatitis/s/atopic18__ProtectWyJQcm90ZWN0Il0_FocusFillWzI5NCwyMjIsInkiLDNd.jpg
eczema,https://dermnetnz.org/assets/Uploads/dermatitis/s/atopic31__ProtectWyJQcm90ZWN0Il0_FocusFillWzI5NCwyMjIsInkiLDld.jpg
eczema,https://dermnetnz.org/assets/Uploads/dermatitis/s/atopic10__ProtectWyJQcm90ZWN0Il0_FocusFillWzI5NCwyMjIsInkiLDEzXQ.jpg
eczema,https://dermnetnz.org/assets/Uploads/dermatitis/s/atopic17__ProtectWyJQcm90ZWN0Il0_FocusFillWzI5NCwyMjIsIngiLDFd.jpg
eczema,https://dermnetnz.org/assets/Uploads/dermatitis/s/atopic22__ProtectWyJQcm90ZWN0Il0_FocusFillWzI5NCwyMjIsInkiLDM2XQ.jpg
eczema,https://dermnetnz.org/assets/Uploads/dermatitis/s/atopic30__ProtectWyJQcm90ZWN0Il0_FocusFillWzI5NCwyMjIsInkiLDM2XQ.jpg
eczema,https://dermnetnz.org/assets/Uploads/dermatitis/s/atopic15__ProtectWyJQcm90ZWN0Il0_FocusFillWzI5NCwyMjIsIngiLDFd.jpg
eczema,https://dermnetnz.org/assets/Uploads/dermatitis/atopic3__ProtectWyJQcm90ZWN0Il0_FocusFillWzI5NCwyMjIsInkiLDg0XQ.jpg
eczema,https://dermnetnz.org/assets/Uploads/dermatitis/atopic40__ProtectWyJQcm90ZWN0Il0_FocusFillWzI5NCwyMjIsIngiLDFd.jpg
eczema,https://dermnetnz.org/assets/Uploads/dermatitis/atopic37__ProtectWyJQcm90ZWN0Il0_FocusFillWzI5NCwyMjIsIngiLDFd.jpg
eczema,https://dermnetnz.org/assets/Uploads/dermatitis/s/atopic5__ProtectWyJQcm90ZWN0Il0_FocusFillWzI5NCwyMjIsInkiLDEyXQ.jpg
eczema,https://dermnetnz.org/assets/Uploads/dermatitis/s/atopic23__ProtectWyJQcm90ZWN0Il0_FocusFillWzI5NCwyMjIsInkiLDM2XQ.jpg
eczema,https://dermnetnz.org/assets/Uploads/dermatitis/s/atopic20__ProtectWyJQcm90ZWN0Il0_FocusFillWzI5NCwyMjIsInkiLDM2XQ.jpg
eczema,https://dermnetnz.org/assets/Uploads/dermatitis/s/atopic19__ProtectWyJQcm90ZWN0Il0_FocusFillWzI5NCwyMjIsInkiLDM2XQ.jpg
eczema,https://dermnetnz.org/assets/Uploads/dermatitis/s/atopic24__ProtectWyJQcm90ZWN0Il0_FocusFillWzI5NCwyMjIsInkiLDM2XQ.jpg
eczema,https://dermnetnz.org/assets/Uploads/dermatitis/s/atopic28__ProtectWyJQcm90ZWN0Il0_FocusFillWzI5NCwyMjIsInkiLDM2XQ.jpg
eczema,https://dermnetnz.org/assets/Uploads/dermatitis/atopic38__ProtectWyJQcm90ZWN0Il0_FocusFillWzI5NCwyMjIsIngiLDFd.jpg
eczema,https://dermnetnz.org/assets/Uploads/dermatitis/atopic44__ProtectWyJQcm90ZWN0Il0_FocusFillWzI5NCwyMjIsIngiLDFd.jpg
eczema,https://dermnetnz.org/assets/Uploads/dermatitis/s/atopic29__ProtectWyJQcm90ZWN0Il0_FocusFillWzI5NCwyMjIsInkiLDM2XQ.jpg
eczema,https://dermnetnz.org/assets/Uploads/dermatitis/atopic35__ProtectWyJQcm90ZWN0Il0_FocusFillWzI5NCwyMjIsIngiLDFd.jpg
eczema,https://dermnetnz.org/assets/Uploads/dermatitis/atopic43__ProtectWyJQcm90ZWN0Il0_FocusFillWzI5NCwyMjIsIngiLDFd.jpg
eczema,https://dermnetnz.org/assets/Uploads/dermatitis/s/eapsimplex1__ProtectWyJQcm90ZWN0Il0_FocusFillWzI5NCwyMjIsInkiLDBd.jpg
eczema,https://dermnetnz.org/assets/Uploads/atopic-dermatitis-1__ProtectWyJQcm90ZWN0Il0_FocusFillWzI5NCwyMjIsIngiLDFd.JPG
eczema,https://dermnetnz.org/assets/Uploads/atopic-dermatitis-2__ProtectWyJQcm90ZWN0Il0_FocusFillWzI5NCwyMjIsIngiLDFd.JPG
eczema,https://dermnetnz.org/assets/Uploads/atopic21__ProtectWyJQcm90ZWN0Il0_FocusFillWzI5NCwyMjIsIngiLDFd.jpg
eczema,https://dermnetnz.org/assets/Uploads/atopic7__ProtectWyJQcm90ZWN0Il0_FocusFillWzI5NCwyMjIsIngiLDFd.jpg
eczema,https://dermnetnz.org/assets/Uploads/dermatitis/flexural-eczema01__ProtectWyJQcm90ZWN0Il0_FocusFillWzI5NCwyMjIsIngiLDFd.jpg
eczema,https://dermnetnz.org/assets/Uploads/dermatitis/flexural-eczema02__ProtectWyJQcm90ZWN0Il0_FocusFillWzI5NCwyMjIsIngiLDIzXQ.jpg
eczema,https://dermnetnz.org/assets/Uploads/dermatitis/flexural-eczema03__ProtectWyJQcm90ZWN0Il0_FocusFillWzI5NCwyMjIsIngiLDIzXQ.jpg
eczema,https://dermnetnz.org/assets/Uploads/dermatitis/flexural-eczema04__ProtectWyJQcm90ZWN0Il0_FocusFillWzI5NCwyMjIsIngiLDFd.jpg
eczema,https://dermnetnz.org/assets/Uploads/dermatitis/flexural-eczema05__ProtectWyJQcm90ZWN0Il0_FocusFillWzI5NCwyMjIsInkiLDExM10.jpg
eczema,https://dermnetnz.org/assets/Uploads/dermatitis/flexural-eczema06__ProtectWyJQcm90ZWN0Il0_FocusFillWzI5NCwyMjIsIngiLDFd.jpg
eczema,https://dermnetnz.org/assets/Uploads/dermatitis/flexural-eczema07__ProtectWyJQcm90ZWN0Il0_FocusFillWzI5NCwyMjIsIngiLDFd.jpg
eczema,https://dermnetnz.org/assets/Uploads/dermatitis/flexural-eczema08__ProtectWyJQcm90ZWN0Il0_FocusFillWzI5NCwyMjIsIngiLDFd.jpg
eczema,https://dermnetnz.org/assets/Uploads/dermatitis/flexural-eczema09__ProtectWyJQcm90ZWN0Il0_FocusFillWzI5NCwyMjIsIngiLDFd.jpg
eczema,https://dermnetnz.org/assets/Uploads/dermatitis/flexural-eczema10__ProtectWyJQcm90ZWN0Il0_FocusFillWzI5NCwyMjIsInkiLDg1XQ.jpg
eczema,https://dermnetnz.org/assets/Uploads/dermatitis/flexural-eczema11__ProtectWyJQcm90ZWN0Il0_FocusFillWzI5NCwyMjIsIngiLDFd.jpg
eczema,https://dermnetnz.org/assets/Uploads/dermatitis/flexural-eczema12__ProtectWyJQcm90ZWN0Il0_FocusFillWzI5NCwyMjIsIngiLDFd.jpg
eczema,https://dermnetnz.org/assets/Uploads/dermatitis/flexural-eczema13__ProtectWyJQcm90ZWN0Il0_FocusFillWzI5NCwyMjIsIngiLDFd.jpg
eczema,https://dermnetnz.org/assets/Uploads/dermatitis/flexural-eczema14__ProtectWyJQcm90ZWN0Il0_FocusFillWzI5NCwyMjIsIngiLDFd.jpg
eczema,https://dermnetnz.org/assets/Uploads/dermatitis/flexural-eczema15__ProtectWyJQcm90ZWN0Il0_FocusFillWzI5NCwyMjIsIngiLDFd.jpg
eczema,https://dermnetnz.org/assets/Uploads/dermatitis/flexural-eczema16__ProtectWyJQcm90ZWN0Il0_FocusFillWzI5NCwyMjIsIngiLDFd.jpg
eczema,https://dermnetnz.org/assets/Uploads/dermatitis/flexural-eczema17__ProtectWyJQcm90ZWN0Il0_FocusFillWzI5NCwyMjIsIngiLDFd.jpg
eczema,https://dermnetnz.org/assets/Uploads/dermatitis/flexural-eczema18__ProtectWyJQcm90ZWN0Il0_FocusFillWzI5NCwyMjIsInkiLDg1XQ.jpg
eczema,https://dermnetnz.org/assets/Uploads/dermatitis/flexural-eczema19__ProtectWyJQcm90ZWN0Il0_FocusFillWzI5NCwyMjIsIngiLDFd.jpg
eczema,https://dermnetnz.org/assets/Uploads/dermatitis/flexural-eczema20__ProtectWyJQcm90ZWN0Il0_FocusFillWzI5NCwyMjIsIngiLDFd.jpg
eczema,https://dermnetnz.org/assets/Uploads/dermatitis/flexural-eczema21__ProtectWyJQcm90ZWN0Il0_FocusFillWzI5NCwyMjIsIngiLDFd.jpg
eczema,https://dermnetnz.org/assets/Uploads/dermatitis/flexural-eczema22__ProtectWyJQcm90ZWN0Il0_FocusFillWzI5NCwyMjIsIngiLDFd.jpg
eczema,https://dermnetnz.org/assets/Uploads/dermatitis/flexural-eczema23__ProtectWyJQcm90ZWN0Il0_FocusFillWzI5NCwyMjIsInkiLDg1XQ.jpg
eczema,https://dermnetnz.org/assets/Uploads/dermatitis/flexural-eczema24__ProtectWyJQcm90ZWN0Il0_FocusFillWzI5NCwyMjIsInkiLDg1XQ.jpg
eczema,https://dermnetnz.org/assets/Uploads/dermatitis/flexural-eczema25__ProtectWyJQcm90ZWN0Il0_FocusFillWzI5NCwyMjIsIngiLDE5XQ.jpg
eczema,https://dermnetnz.org/assets/Uploads/dermatitis/flexural-eczema26__ProtectWyJQcm90ZWN0Il0_FocusFillWzI5NCwyMjIsIngiLDFd.jpg
eczema,https://dermnetnz.org/assets/Uploads/dermatitis/flexural-eczema27__ProtectWyJQcm90ZWN0Il0_FocusFillWzI5NCwyMjIsInkiLDEzNF0.jpg
eczema,https://dermnetnz.org/assets/collection/Discoid-eczema/discoid-eczema-0001__ProtectWyJQcm90ZWN0Il0_FocusFillWzI5NCwyMjIsIngiLDFd.jpg
eczema,https://dermnetnz.org/assets/collection/Discoid-eczema/discoid-eczema-0002__ProtectWyJQcm90ZWN0Il0_FocusFillWzI5NCwyMjIsIngiLDFd.jpg
eczema,https://dermnetnz.org/assets/collection/Discoid-eczema/discoid-eczema-0003__ProtectWyJQcm90ZWN0Il0_FocusFillWzI5NCwyMjIsIngiLDFd.jpg
eczema,https://dermnetnz.org/assets/collection/Discoid-eczema/discoid-eczema-0004__ProtectWyJQcm90ZWN0Il0_FocusFillWzI5NCwyMjIsIngiLDFd.jpg
eczema,https://dermnetnz.org/assets/collection/Discoid-eczema/discoid-eczema-0005__ProtectWyJQcm90ZWN0Il0_FocusFillWzI5NCwyMjIsIngiLDFd.jpg
eczema,https://dermnetnz.org/assets/collection/Discoid-eczema/discoid-eczema-0006__ProtectWyJQcm90ZWN0Il0_FocusFillWzI5NCwyMjIsIngiLDFd.jpg
eczema,https://dermnetnz.org/assets/collection/Discoid-eczema/discoid-eczema-0007__ProtectWyJQcm90ZWN0Il0_FocusFillWzI5NCwyMjIsIngiLDFd.jpg
eczema,https://dermnetnz.org/assets/collection/Discoid-eczema/discoid-eczema-0008__ProtectWyJQcm90ZWN0Il0_FocusFillWzI5NCwyMjIsIngiLDFd.jpg
eczema,https://dermnetnz.org/assets/collection/Discoid-eczema/discoid-eczema-0009__ProtectWyJQcm90ZWN0Il0_FocusFillWzI5NCwyMjIsIngiLDFd.jpg
eczema,https://dermnetnz.org/assets/collection/Discoid-eczema/discoid-eczema-0010__ProtectWyJQcm90ZWN0Il0_FocusFillWzI5NCwyMjIsIngiLDFd.jpg
eczema,https://dermnetnz.org/assets/collection/Discoid-eczema/discoid-eczema-0011__ProtectWyJQcm90ZWN0Il0_FocusFillWzI5NCwyMjIsIngiLDFd.jpg
eczema,https://dermnetnz.org/assets/collection/Discoid-eczema/discoid-eczema-0012__ProtectWyJQcm90ZWN0Il0_FocusFillWzI5NCwyMjIsIngiLDFd.jpg
eczema,https://dermnetnz.org/assets/collection/Discoid-eczema/discoid-eczema-0013__ProtectWyJQcm90ZWN0Il0_FocusFillWzI5NCwyMjIsIngiLDFd.jpg
eczema,https://dermnetnz.org/assets/collection/Discoid-eczema/discoid-eczema-0014__ProtectWyJQcm90ZWN0Il0_FocusFillWzI5NCwyMjIsIngiLDFd.jpg
eczema,https://dermnetnz.org/assets/collection/Discoid-eczema/discoid-eczema-0015__ProtectWyJQcm90ZWN0Il0_FocusFillWzI5NCwyMjIsIngiLDFd.jpg
eczema,https://dermnetnz.org/assets/collection/Discoid-eczema/discoid-eczema-0016__ProtectWyJQcm90ZWN0Il0_FocusFillWzI5NCwyMjIsInkiLDg1XQ.jpg
eczema,https://dermnetnz.org/assets/collection/Discoid-eczema/discoid-eczema-0017__ProtectWyJQcm90ZWN0Il0_FocusFillWzI5NCwyMjIsIngiLDFd.jpg
eczema,https://dermnetnz.org/assets/collection/Discoid-eczema/discoid-eczema-0018__ProtectWyJQcm90ZWN0Il0_FocusFillWzI5NCwyMjIsIngiLDFd.jpg
eczema,https://dermnetnz.org/assets/collection/Discoid-eczema/discoid-eczema-0019__ProtectWyJQcm90ZWN0Il0_FocusFillWzI5NCwyMjIsIngiLDFd.jpg
eczema,https://dermnetnz.org/assets/collection/Discoid-eczema/discoid-eczema-0020__ProtectWyJQcm90ZWN0Il0_FocusFillWzI5NCwyMjIsIngiLDFd.jpg
eczema,https://dermnetnz.org/assets/collection/Discoid-eczema/discoid-eczema-0021__ProtectWyJQcm90ZWN0Il0_FocusFillWzI5NCwyMjIsIngiLDFd.jpg
eczema,https://dermnetnz.org/assets/collection/Discoid-eczema/discoid-eczema-0022__ProtectWyJQcm90ZWN0Il0_FocusFillWzI5NCwyMjIsIngiLDFd.jpg
eczema,https://dermnetnz.org/assets/collection/Discoid-eczema/discoid-eczema-0023__ProtectWyJQcm90ZWN0Il0_FocusFillWzI5NCwyMjIsIngiLDZd.jpg
eczema,https://dermnetnz.org/assets/collection/Discoid-eczema/discoid-eczema-0024__ProtectWyJQcm90ZWN0Il0_FocusFillWzI5NCwyMjIsIngiLDFd.jpg
eczema,https://dermnetnz.org/assets/collection/Discoid-eczema/discoid-eczema-0025__ProtectWyJQcm90ZWN0Il0_FocusFillWzI5NCwyMjIsIngiLDFd.jpg
eczema,https://dermnetnz.org/assets/collection/Discoid-eczema/discoid-eczema-0026__ProtectWyJQcm90ZWN0Il0_FocusFillWzI5NCwyMjIsIngiLDFd.jpg
eczema,https://dermnetnz.org/assets/collection/Discoid-eczema/discoid-eczema-0027__ProtectWyJQcm90ZWN0Il0_FocusFillWzI5NCwyMjIsIngiLDFd.jpg
eczema,https://dermnetnz.org/assets/collection/Discoid-eczema/discoid-eczema-0028__ProtectWyJQcm90ZWN0Il0_FocusFillWzI5NCwyMjIsIngiLDFd.jpg
eczema,https://dermnetnz.org/assets/collection/Discoid-eczema/discoid-eczema-0029__ProtectWyJQcm90ZWN0Il0_FocusFillWzI5NCwyMjIsIngiLDFd.jpg
eczema,https://dermnetnz.org/assets/collection/Discoid-eczema/discoid-eczema-0030__ProtectWyJQcm90ZWN0Il0_FocusFillWzI5NCwyMjIsIngiLDFd.jpg
eczema,https://dermnetnz.org/assets/collection/Discoid-eczema/discoid-eczema-0031__ProtectWyJQcm90ZWN0Il0_FocusFillWzI5NCwyMjIsIngiLDFd.jpg
eczema,https://dermnetnz.org/assets/collection/Discoid-eczema/discoid-eczema-0032__ProtectWyJQcm90ZWN0Il0_FocusFillWzI5NCwyMjIsIngiLDFd.jpg
eczema,https://dermnetnz.org/assets/collection/Discoid-eczema/discoid-eczema-0033__ProtectWyJQcm90ZWN0Il0_FocusFillWzI5NCwyMjIsIngiLDFd.jpg
eczema,https://dermnetnz.org/assets/collection/Discoid-eczema/discoid-eczema-0034__ProtectWyJQcm90ZWN0Il0_FocusFillWzI5NCwyMjIsIngiLDFd.jpg
eczema,https://dermnetnz.org/assets/collection/Discoid-eczema/discoid-eczema-0035__ProtectWyJQcm90ZWN0Il0_FocusFillWzI5NCwyMjIsIngiLDFd.jpg
eczema,https://dermnetnz.org/assets/collection/Discoid-eczema/discoid-eczema-0036__ProtectWyJQcm90ZWN0Il0_FocusFillWzI5NCwyMjIsIngiLDFd.jpg
eczema,https://dermnetnz.org/assets/collection/Discoid-eczema/discoid-eczema-0037__ProtectWyJQcm90ZWN0Il0_FocusFillWzI5NCwyMjIsIngiLDFd.jpg
eczema,https://dermnetnz.org/assets/collection/Discoid-eczema/discoid-eczema-0038__ProtectWyJQcm90ZWN0Il0_FocusFillWzI5NCwyMjIsIngiLDFd.jpg
eczema,https://dermnetnz.org/assets/collection/Discoid-eczema/discoid-eczema-0039__ProtectWyJQcm90ZWN0Il0_FocusFillWzI5NCwyMjIsIngiLDFd.jpg
eczema,https://dermnetnz.org/assets/collection/Discoid-eczema/discoid-eczema-0040__ProtectWyJQcm90ZWN0Il0_FocusFillWzI5NCwyMjIsIngiLDFd.jpg
eczema,https://dermnetnz.org/assets/collection/Discoid-eczema/discoid-eczema-0041__ProtectWyJQcm90ZWN0Il0_FocusFillWzI5NCwyMjIsIngiLDFd.jpg
eczema,https://dermnetnz.org/assets/collection/Discoid-eczema/discoid-eczema-0042__ProtectWyJQcm90ZWN0Il0_FocusFillWzI5NCwyMjIsIngiLDFd.jpg
eczema,https://dermnetnz.org/assets/collection/Discoid-eczema/discoid-eczema-0043__ProtectWyJQcm90ZWN0Il0_FocusFillWzI5NCwyMjIsIngiLDFd.jpg
eczema,https://dermnetnz.org/assets/collection/Discoid-eczema/discoid-eczema-0044__ProtectWyJQcm90ZWN0Il0_FocusFillWzI5NCwyMjIsIngiLDFd.jpg
eczema,https://dermnetnz.org/assets/collection/Discoid-eczema/discoid-eczema-0045__ProtectWyJQcm90ZWN0Il0_FocusFillWzI5NCwyMjIsIngiLDFd.jpg
eczema,https://dermnetnz.org/assets/Uploads/dermatitis/nummular1__ProtectWyJQcm90ZWN0Il0_FocusFillWzI5NCwyMjIsIngiLDFd.jpg
eczema,https://dermnetnz.org/assets/Uploads/dermatitis/s/nummular2__ProtectWyJQcm90ZWN0Il0_FocusFillWzI5NCwyMjIsIngiLDFd.jpg
eczema,https://dermnetnz.org/assets/Uploads/dermatitis/nummular3__ProtectWyJQcm90ZWN0Il0_FocusFillWzI5NCwyMjIsIngiLDFd.jpg
eczema,https://dermnetnz.org/assets/Uploads/dermatitis/nummular5__ProtectWyJQcm90ZWN0Il0_FocusFillWzI5NCwyMjIsIngiLDFd.jpg
eczema,https://dermnetnz.org/assets/Uploads/dermatitis/nummular7__ProtectWyJQcm90ZWN0Il0_FocusFillWzI5NCwyMjIsInkiLDEwOV0.jpg
eczema,https://dermnetnz.org/assets/Uploads/dermatitis/nummular8__ProtectWyJQcm90ZWN0Il0_FocusFillWzI5NCwyMjIsIngiLDFd.jpg
eczema,https://dermnetnz.org/assets/Uploads/dermatitis/nummular-eczema01__ProtectWyJQcm90ZWN0Il0_FocusFillWzI5NCwyMjIsInkiLDg1XQ.jpg
eczema,https://dermnetnz.org/assets/Uploads/dermatitis/nummular-eczema02__ProtectWyJQcm90ZWN0Il0_FocusFillWzI5NCwyMjIsIngiLDBd.jpg
eczema,https://dermnetnz.org/assets/Uploads/dermatitis/nummular-eczema03__ProtectWyJQcm90ZWN0Il0_FocusFillWzI5NCwyMjIsIngiLDFd.jpg
eczema,https://dermnetnz.org/assets/Uploads/dermatitis/nummular-eczema04__ProtectWyJQcm90ZWN0Il0_FocusFillWzI5NCwyMjIsIngiLDFd.jpg
eczema,https://dermnetnz.org/assets/Uploads/dermatitis/nummular-eczema05__ProtectWyJQcm90ZWN0Il0_FocusFillWzI5NCwyMjIsIngiLDFd.jpg
eczema,https://dermnetnz.org/assets/Uploads/dermatitis/nummular-eczema06__ProtectWyJQcm90ZWN0Il0_FocusFillWzI5NCwyMjIsInkiLDg1XQ.jpg
eczema,https://dermnetnz.org/assets/Uploads/dermatitis/nummular-eczema07__ProtectWyJQcm90ZWN0Il0_FocusFillWzI5NCwyMjIsIngiLDIzXQ.jpg
eczema,https://dermnetnz.org/assets/Uploads/dermatitis/nummular-eczema08__ProtectWyJQcm90ZWN0Il0_FocusFillWzI5NCwyMjIsIngiLDFd.jpg
eczema,https://dermnetnz.org/assets/Uploads/dermatitis/nummular-eczema09__ProtectWyJQcm90ZWN0Il0_FocusFillWzI5NCwyMjIsIngiLDFd.jpg
eczema,https://dermnetnz.org/assets/Uploads/dermatitis/nummular-eczema10__ProtectWyJQcm90ZWN0Il0_FocusFillWzI5NCwyMjIsIngiLDFd.jpg
eczema,https://dermnetnz.org/assets/Uploads/dermatitis/nummular-eczema11__ProtectWyJQcm90ZWN0Il0_FocusFillWzI5NCwyMjIsIngiLDFd.jpg
eczema,https://dermnetnz.org/assets/Uploads/dermatitis/nummular-eczema12__ProtectWyJQcm90ZWN0Il0_FocusFillWzI5NCwyMjIsIngiLDFd.jpg
eczema,https://dermnetnz.org/assets/Uploads/dermatitis/nummular-eczema13__ProtectWyJQcm90ZWN0Il0_FocusFillWzI5NCwyMjIsInkiLDg1XQ.jpg
eczema,https://dermnetnz.org/assets/Uploads/dermatitis/nummular-eczema14__ProtectWyJQcm90ZWN0Il0_FocusFillWzI5NCwyMjIsInkiLDg1XQ.jpg
eczema,https://dermnetnz.org/assets/Uploads/dermatitis/nummular-eczema15__ProtectWyJQcm90ZWN0Il0_FocusFillWzI5NCwyMjIsInkiLDg1XQ.jpg
eczema,https://dermnetnz.org/assets/Uploads/dermatitis/nummular-eczema16__ProtectWyJQcm90ZWN0Il0_FocusFillWzI5NCwyMjIsInkiLDg1XQ.jpg
eczema,https://dermnetnz.org/assets/Uploads/dermatitis/nummular-eczema17__ProtectWyJQcm90ZWN0Il0_FocusFillWzI5NCwyMjIsIngiLDFd.jpg
eczema,https://dermnetnz.org/assets/Uploads/dermatitis/nummular-eczema18__ProtectWyJQcm90ZWN0Il0_FocusFillWzI5NCwyMjIsInkiLDg1XQ.jpg
eczema,https://dermnetnz.org/assets/Uploads/dermatitis/nummular-eczema19__ProtectWyJQcm90ZWN0Il0_FocusFillWzI5NCwyMjIsIngiLDFd.jpg
eczema,https://dermnetnz.org/assets/Uploads/dermatitis/nummular-eczema20__ProtectWyJQcm90ZWN0Il0_FocusFillWzI5NCwyMjIsIngiLDFd.jpg
eczema,https://dermnetnz.org/assets/Uploads/dermatitis/nummular-eczema21__ProtectWyJQcm90ZWN0Il0_FocusFillWzI5NCwyMjIsIngiLDFd.jpg
eczema,https://dermnetnz.org/assets/Uploads/dermatitis/s/nummular-eczema61__ProtectWyJQcm90ZWN0Il0_FocusFillWzI5NCwyMjIsIngiLDFd.jpg
eczema,https://dermnetnz.org/assets/Uploads/dermatitis/nummular-eczema22__ProtectWyJQcm90ZWN0Il0_FocusFillWzI5NCwyMjIsIngiLDFd.jpg
eczema,https://dermnetnz.org/assets/Uploads/dermatitis/nummular-eczema23__ProtectWyJQcm90ZWN0Il0_FocusFillWzI5NCwyMjIsIngiLDFd.jpg
eczema,https://dermnetnz.org/assets/Uploads/dermatitis/nummular-eczema24__ProtectWyJQcm90ZWN0Il0_FocusFillWzI5NCwyMjIsIngiLDFd.jpg
eczema,https://dermnetnz.org/assets/Uploads/dermatitis/nummular-eczema25__ProtectWyJQcm90ZWN0Il0_FocusFillWzI5NCwyMjIsIngiLDFd.jpg
eczema,https://dermnetnz.org/assets/Uploads/dermatitis/nummular-eczema26__ProtectWyJQcm90ZWN0Il0_FocusFillWzI5NCwyMjIsIngiLDFd.jpg
eczema,https://dermnetnz.org/assets/Uploads/dermatitis/nummular-eczema27__ProtectWyJQcm90ZWN0Il0_FocusFillWzI5NCwyMjIsIngiLDBd.jpg
eczema,https://dermnetnz.org/assets/Uploads/dermatitis/nummular-eczema28__ProtectWyJQcm90ZWN0Il0_FocusFillWzI5NCwyMjIsIngiLDBd.jpg
eczema,https://dermnetnz.org/assets/Uploads/dermatitis/nummular-eczema29__ProtectWyJQcm90ZWN0Il0_FocusFillWzI5NCwyMjIsIngiLDFd.jpg
eczema,https://dermnetnz.org/assets/Uploads/dermatitis/nummular-eczema30__ProtectWyJQcm90ZWN0Il0_FocusFillWzI5NCwyMjIsIngiLDFd.jpg
eczema,https://dermnetnz.org/assets/Uploads/dermatitis/nummular-eczema31__ProtectWyJQcm90ZWN0Il0_FocusFillWzI5NCwyMjIsIngiLDFd.jpg
eczema,https://dermnetnz.org/assets/Uploads/dermatitis/nummular-eczema32__ProtectWyJQcm90ZWN0Il0_FocusFillWzI5NCwyMjIsIngiLDFd.jpg
eczema,https://dermnetnz.org/assets/Uploads/dermatitis/nummular-eczema33__ProtectWyJQcm90ZWN0Il0_FocusFillWzI5NCwyMjIsIngiLDFd.jpg
eczema,https://dermnetnz.org/assets/Uploads/dermatitis/nummular-eczema34__ProtectWyJQcm90ZWN0Il0_FocusFillWzI5NCwyMjIsIngiLDFd.jpg
eczema,https://dermnetnz.org/assets/Uploads/dermatitis/nummular-eczema35__ProtectWyJQcm90ZWN0Il0_FocusFillWzI5NCwyMjIsIngiLDFd.jpg
eczema,https://dermnetnz.org/assets/Uploads/dermatitis/nummular-eczema36__ProtectWyJQcm90ZWN0Il0_FocusFillWzI5NCwyMjIsInkiLDg1XQ.jpg
eczema,https://dermnetnz.org/assets/Uploads/dermatitis/nummular-eczema37__ProtectWyJQcm90ZWN0Il0_FocusFillWzI5NCwyMjIsIngiLDFd.jpg
eczema,https://dermnetnz.org/assets/Uploads/dermatitis/nummular-eczema38__ProtectWyJQcm90ZWN0Il0_FocusFillWzI5NCwyMjIsInkiLDg1XQ.jpg
eczema,https://dermnetnz.org/assets/Uploads/dermatitis/nummular-eczema39__ProtectWyJQcm90ZWN0Il0_FocusFillWzI5NCwyMjIsInkiLDg1XQ.jpg
eczema,https://dermnetnz.org/assets/Uploads/dermatitis/nummular-eczema40__ProtectWyJQcm90ZWN0Il0_FocusFillWzI5NCwyMjIsIngiLDFd.jpg
eczema,https://dermnetnz.org/assets/Uploads/dermatitis/nummular-eczema41__ProtectWyJQcm90ZWN0Il0_FocusFillWzI5NCwyMjIsIngiLDBd.jpg
eczema,https://dermnetnz.org/assets/Uploads/dermatitis/nummular-eczema42__ProtectWyJQcm90ZWN0Il0_FocusFillWzI5NCwyMjIsIngiLDFd.jpg
eczema,https://dermnetnz.org/assets/Uploads/dermatitis/nummular-eczema43__ProtectWyJQcm90ZWN0Il0_FocusFillWzI5NCwyMjIsIngiLDFd.jpg
eczema,https://dermnetnz.org/assets/Uploads/dermatitis/nummular-eczema44__ProtectWyJQcm90ZWN0Il0_FocusFillWzI5NCwyMjIsIngiLDFd.jpg
eczema,https://dermnetnz.org/assets/Uploads/dermatitis/nummular-eczema45__ProtectWyJQcm90ZWN0Il0_FocusFillWzI5NCwyMjIsIngiLDFd.jpg
eczema,https://dermnetnz.org/assets/Uploads/dermatitis/nummular-eczema46__ProtectWyJQcm90ZWN0Il0_FocusFillWzI5NCwyMjIsIngiLDIzXQ.jpg
eczema,https://dermnetnz.org/assets/Uploads/dermatitis/nummular-eczema47__ProtectWyJQcm90ZWN0Il0_FocusFillWzI5NCwyMjIsIngiLDFd.jpg
eczema,https://dermnetnz.org/assets/Uploads/dermatitis/nummular-eczema48__ProtectWyJQcm90ZWN0Il0_FocusFillWzI5NCwyMjIsIngiLDFd.jpg
eczema,https://dermnetnz.org/assets/Uploads/dermatitis/s/nummular-eczema49__ProtectWyJQcm90ZWN0Il0_FocusFillWzI5NCwyMjIsIngiLDFd.jpg
eczema,https://dermnetnz.org/assets/Uploads/dermatitis/s/nummular-eczema50__ProtectWyJQcm90ZWN0Il0_FocusFillWzI5NCwyMjIsInkiLDBd.jpg
eczema,https://dermnetnz.org/assets/Uploads/dermatitis/s/nummular-eczema51__ProtectWyJQcm90ZWN0Il0_FocusFillWzI5NCwyMjIsIngiLDFd.jpg
eczema,https://dermnetnz.org/assets/Uploads/dermatitis/s/nummular-eczema52__ProtectWyJQcm90ZWN0Il0_FocusFillWzI5NCwyMjIsInkiLDFd.jpg
eczema,https://dermnetnz.org/assets/Uploads/dermatitis/s/nummular-eczema53__ProtectWyJQcm90ZWN0Il0_FocusFillWzI5NCwyMjIsIngiLDFd.jpg
eczema,https://dermnetnz.org/assets/Uploads/dermatitis/s/nummular-eczema54__ProtectWyJQcm90ZWN0Il0_FocusFillWzI5NCwyMjIsIngiLDFd.jpg
eczema,https://dermnetnz.org/assets/Uploads/dermatitis/s/nummular-eczema55__ProtectWyJQcm90ZWN0Il0_FocusFillWzI5NCwyMjIsIngiLDFd.jpg
eczema,https://dermnetnz.org/assets/Uploads/dermatitis/s/nummular-eczema56__ProtectWyJQcm90ZWN0Il0_FocusFillWzI5NCwyMjIsIngiLDFd.jpg
eczema,https://dermnetnz.org/assets/Uploads/dermatitis/s/nummular-eczema57__ProtectWyJQcm90ZWN0Il0_FocusFillWzI5NCwyMjIsIngiLDFd.jpg
eczema,https://dermnetnz.org/assets/Uploads/dermatitis/s/nummular-eczema58__ProtectWyJQcm90ZWN0Il0_FocusFillWzI5NCwyMjIsIngiLDFd.jpg
eczema,https://dermnetnz.org/assets/Uploads/dermatitis/s/nummular-eczema59__ProtectWyJQcm90ZWN0Il0_FocusFillWzI5NCwyMjIsIngiLDFd.jpg
eczema,https://dermnetnz.org/assets/Uploads/dermatitis/s/nummular-eczema60__ProtectWyJQcm90ZWN0Il0_FocusFillWzI5NCwyMjIsIngiLDFd.jpg
eczema,https://dermnetnz.org/assets/Uploads/dermatitis/s/nummular-eczema74__ProtectWyJQcm90ZWN0Il0_FocusFillWzI5NCwyMjIsInkiLDM2XQ.jpg
eczema,https://dermnetnz.org/assets/Uploads/dermatitis/s/nummular-eczema62__ProtectWyJQcm90ZWN0Il0_FocusFillWzI5NCwyMjIsInkiLDFd.jpg
eczema,https://dermnetnz.org/assets/Uploads/dermatitis/s/nummular-eczema63__ProtectWyJQcm90ZWN0Il0_FocusFillWzI5NCwyMjIsInkiLDJd.jpg
eczema,https://dermnetnz.org/assets/Uploads/dermatitis/s/nummular-eczema64__ProtectWyJQcm90ZWN0Il0_FocusFillWzI5NCwyMjIsInkiLDFd.jpg
eczema,https://dermnetnz.org/assets/Uploads/dermatitis/s/nummular-eczema65__ProtectWyJQcm90ZWN0Il0_FocusFillWzI5NCwyMjIsInkiLDFd.jpg
eczema,https://dermnetnz.org/assets/Uploads/dermatitis/s/nummular-eczema66__ProtectWyJQcm90ZWN0Il0_FocusFillWzI5NCwyMjIsIngiLDFd.jpg
eczema,https://dermnetnz.org/assets/Uploads/dermatitis/s/nummular-eczema67__ProtectWyJQcm90ZWN0Il0_FocusFillWzI5NCwyMjIsInkiLDEwXQ.jpg
eczema,https://dermnetnz.org/assets/Uploads/dermatitis/s/nummular-eczema68__ProtectWyJQcm90ZWN0Il0_FocusFillWzI5NCwyMjIsInkiLDZd.jpg
eczema,https://dermnetnz.org/assets/Uploads/dermatitis/s/nummular-eczema69__ProtectWyJQcm90ZWN0Il0_FocusFillWzI5NCwyMjIsInkiLDM2XQ.jpg
eczema,https://dermnetnz.org/assets/Uploads/dermatitis/s/nummular-eczema70__ProtectWyJQcm90ZWN0Il0_FocusFillWzI5NCwyMjIsInkiLDM2XQ.jpg
eczema,https://dermnetnz.org/assets/Uploads/dermatitis/s/nummular-eczema71__ProtectWyJQcm90ZWN0Il0_FocusFillWzI5NCwyMjIsInkiLDM2XQ.jpg
eczema,https://dermnetnz.org/assets/Uploads/dermatitis/s/nummular-eczema72__ProtectWyJQcm90ZWN0Il0_FocusFillWzI5NCwyMjIsInkiLDM2XQ.jpg
eczema,https://dermnetnz.org/assets/Uploads/dermatitis/s/nummular-eczema73__ProtectWyJQcm90ZWN0Il0_FocusFillWzI5NCwyMjIsInkiLDM2XQ.jpg
eczema,https://dermnetnz.org/assets/Uploads/discoid-eczema-day-0__ProtectWyJQcm90ZWN0Il0_FocusFillWzI5NCwyMjIsIngiLDFd.JPG
eczema,https://dermnetnz.org/assets/Uploads/discoid-eczema-day-2-v2__ProtectWyJQcm90ZWN0Il0_FocusFillWzI5NCwyMjIsIngiLDFd.JPG
eczema,https://dermnetnz.org/assets/Uploads/discoid-eczema-day-6-v2__ProtectWyJQcm90ZWN0Il0_FocusFillWzI5NCwyMjIsIngiLDFd.JPG
eczema,https://dermnetnz.org/assets/Uploads/discoid-eczema-day-10__ProtectWyJQcm90ZWN0Il0_FocusFillWzI5NCwyMjIsIngiLDFd.JPG
eczema,https://dermnetnz.org/assets/Uploads/discoid-eczema-day-13__ProtectWyJQcm90ZWN0Il0_FocusFillWzI5NCwyMjIsIngiLDFd.JPG
eczema,https://dermnetnz.org/assets/Uploads/discoid-eczema-day-14-v2__ProtectWyJQcm90ZWN0Il0_FocusFillWzI5NCwyMjIsIngiLDFd.JPG
eczema,https://dermnetnz.org/assets/Uploads/viral/eczema-herpticum01__ProtectWyJQcm90ZWN0Il0_FocusFillWzI5NCwyMjIsInkiLDEwXQ.jpg
eczema,https://dermnetnz.org/assets/Uploads/viral/eczema-herpticum02__ProtectWyJQcm90ZWN0Il0_FocusFillWzI5NCwyMjIsInkiLDM2XQ.jpg
eczema,https://dermnetnz.org/assets/Uploads/viral/eczema-herpticum03__ProtectWyJQcm90ZWN0Il0_FocusFillWzI5NCwyMjIsInkiLDM2XQ.jpg
eczema,https://dermnetnz.org/assets/Uploads/viral/eczema-herpticum04__ProtectWyJQcm90ZWN0Il0_FocusFillWzI5NCwyMjIsIngiLDFd.jpg
eczema,https://dermnetnz.org/assets/Uploads/viral/eczema-herpticum05__ProtectWyJQcm90ZWN0Il0_FocusFillWzI5NCwyMjIsIngiLDFd.jpg
eczema,https://dermnetnz.org/assets/Uploads/viral/eczema-herpticum06__ProtectWyJQcm90ZWN0Il0_FocusFillWzI5NCwyMjIsIngiLDE4XQ.jpg
eczema,https://dermnetnz.org/assets/Uploads/viral/eczema-herpticum07__ProtectWyJQcm90ZWN0Il0_FocusFillWzI5NCwyMjIsIngiLDFd.jpg
eczema,https://dermnetnz.org/assets/Uploads/viral/eczema-herpticum08__ProtectWyJQcm90ZWN0Il0_FocusFillWzI5NCwyMjIsIngiLDFd.jpg
eczema,https://dermnetnz.org/assets/Uploads/viral/eczema-herpticum09__ProtectWyJQcm90ZWN0Il0_FocusFillWzI5NCwyMjIsIngiLDFd.jpg
eczema,https://dermnetnz.org/assets/Uploads/viral/eczema-herpticum10__ProtectWyJQcm90ZWN0Il0_FocusFillWzI5NCwyMjIsIngiLDFd.jpg
eczema,https://dermnetnz.org/assets/Uploads/viral/eczema-herpticum11__ProtectWyJQcm90ZWN0Il0_FocusFillWzI5NCwyMjIsIngiLDFd.jpg
eczema,https://dermnetnz.org/assets/Uploads/viral/eczema-herpticum12__ProtectWyJQcm90ZWN0Il0_FocusFillWzI5NCwyMjIsIngiLDFd.jpg
eczema,https://dermnetnz.org/assets/Uploads/viral/eczema-herpticum13__ProtectWyJQcm90ZWN0Il0_FocusFillWzI5NCwyMjIsIngiLDFd.jpg
eczema,https://dermnetnz.org/assets/Uploads/viral/eczema-herpticum14__ProtectWyJQcm90ZWN0Il0_FocusFillWzI5NCwyMjIsIngiLDFd.jpg
eczema,https://dermnetnz.org/assets/Uploads/viral/eczema-herpticum15__ProtectWyJQcm90ZWN0Il0_FocusFillWzI5NCwyMjIsIngiLDFd.jpg
eczema,https://dermnetnz.org/assets/Uploads/viral/eczema-herpticum16__ProtectWyJQcm90ZWN0Il0_FocusFillWzI5NCwyMjIsIngiLDFd.jpg
eczema,https://dermnetnz.org/assets/Uploads/viral/eczema-herpticum17__ProtectWyJQcm90ZWN0Il0_FocusFillWzI5NCwyMjIsIngiLDFd.jpg
eczema,https://dermnetnz.org/assets/Uploads/viral/eczema-herpticum18__ProtectWyJQcm90ZWN0Il0_FocusFillWzI5NCwyMjIsIngiLDFd.jpg
eczema,https://dermnetnz.org/assets/Uploads/dermatitis/hand-dermatitis/2806__ProtectWyJQcm90ZWN0Il0_FocusFillWzI5NCwyMjIsInkiLDM2XQ.jpg
eczema,https://dermnetnz.org/assets/Uploads/dermatitis/hand-dermatitis/2808__ProtectWyJQcm90ZWN0Il0_FocusFillWzI5NCwyMjIsInkiLDM2XQ.jpg
eczema,https://dermnetnz.org/assets/Uploads/dermatitis/hand-dermatitis/2809__ProtectWyJQcm90ZWN0Il0_FocusFillWzI5NCwyMjIsInkiLDM2XQ.jpg
eczema,https://dermnetnz.org/assets/Uploads/dermatitis/hand-dermatitis/2810__ProtectWyJQcm90ZWN0Il0_FocusFillWzI5NCwyMjIsInkiLDM2XQ.jpg
eczema,https://dermnetnz.org/assets/Uploads/dermatitis/hand-dermatitis/2811__ProtectWyJQcm90ZWN0Il0_FocusFillWzI5NCwyMjIsInkiLDM2XQ.jpg
eczema,https://dermnetnz.org/assets/Uploads/dermatitis/hand-dermatitis/2812__ProtectWyJQcm90ZWN0Il0_FocusFillWzI5NCwyMjIsInkiLDM2XQ.jpg
eczema,https://dermnetnz.org/assets/Uploads/dermatitis/hand-dermatitis/2813__ProtectWyJQcm90ZWN0Il0_FocusFillWzI5NCwyMjIsInkiLDM2XQ.jpg
eczema,https://dermnetnz.org/assets/Uploads/dermatitis/hand-dermatitis/2814__ProtectWyJQcm90ZWN0Il0_FocusFillWzI5NCwyMjIsInkiLDM2XQ.jpg
eczema,https://dermnetnz.org/assets/Uploads/dermatitis/hand-dermatitis/2815__ProtectWyJQcm90ZWN0Il0_FocusFillWzI5NCwyMjIsInkiLDM2XQ.jpg
eczema,https://dermnetnz.org/assets/Uploads/dermatitis/hand-dermatitis/2816__ProtectWyJQcm90ZWN0Il0_FocusFillWzI5NCwyMjIsInkiLDM2XQ.jpg
eczema,https://dermnetnz.org/assets/Uploads/dermatitis/hand-dermatitis/2817__ProtectWyJQcm90ZWN0Il0_FocusFillWzI5NCwyMjIsInkiLDM2XQ.jpg
eczema,https://dermnetnz.org/assets/Uploads/dermatitis/hand-dermatitis/2818__ProtectWyJQcm90ZWN0Il0_FocusFillWzI5NCwyMjIsInkiLDEzXQ.jpg
eczema,https://dermnetnz.org/assets/Uploads/dermatitis/hand-dermatitis/2819__ProtectWyJQcm90ZWN0Il0_FocusFillWzI5NCwyMjIsInkiLDExXQ.jpg
eczema,https://dermnetnz.org/assets/Uploads/dermatitis/hand-dermatitis/2820__ProtectWyJQcm90ZWN0Il0_FocusFillWzI5NCwyMjIsInkiLDNd.jpg
eczema,https://dermnetnz.org/assets/Uploads/dermatitis/hand-dermatitis/2807__ProtectWyJQcm90ZWN0Il0_FocusFillWzI5NCwyMjIsInkiLDExXQ.jpg
eczema,https://dermnetnz.org/assets/Uploads/dermatitis/hand-dermatitis/2821__ProtectWyJQcm90ZWN0Il0_FocusFillWzI5NCwyMjIsInkiLDJd.jpg
eczema,https://dermnetnz.org/assets/Uploads/dermatitis/hand-dermatitis/2822__ProtectWyJQcm90ZWN0Il0_FocusFillWzI5NCwyMjIsInkiLDFd.jpg
eczema,https://dermnetnz.org/assets/Uploads/dermatitis/hand-dermatitis/2823__ProtectWyJQcm90ZWN0Il0_FocusFillWzI5NCwyMjIsInkiLDJd.jpg
eczema,https://dermnetnz.org/assets/Uploads/dermatitis/hand-dermatitis/2824__ProtectWyJQcm90ZWN0Il0_FocusFillWzI5NCwyMjIsIngiLDFd.jpg
eczema,https://dermnetnz.org/assets/Uploads/dermatitis/hand-dermatitis/2825__ProtectWyJQcm90ZWN0Il0_FocusFillWzI5NCwyMjIsIngiLDFd.jpg
eczema,https://dermnetnz.org/assets/Uploads/dermatitis/hand-dermatitis/2826__ProtectWyJQcm90ZWN0Il0_FocusFillWzI5NCwyMjIsIngiLDJd.jpg
eczema,https://dermnetnz.org/assets/Uploads/dermatitis/hand-dermatitis/2827__ProtectWyJQcm90ZWN0Il0_FocusFillWzI5NCwyMjIsIngiLDRd.jpg
eczema,https://dermnetnz.org/assets/Uploads/dermatitis/hand-dermatitis/2828__ProtectWyJQcm90ZWN0Il0_FocusFillWzI5NCwyMjIsIngiLDdd.jpg
eczema,https://dermnetnz.org/assets/Uploads/dermatitis/hand-dermatitis/2829__ProtectWyJQcm90ZWN0Il0_FocusFillWzI5NCwyMjIsIngiLDExXQ.jpg
eczema,https://dermnetnz.org/assets/Uploads/dermatitis/hand-dermatitis/2830__ProtectWyJQcm90ZWN0Il0_FocusFillWzI5NCwyMjIsInkiLDdd.jpg
eczema,https://dermnetnz.org/assets/Uploads/dermatitis/hand-dermatitis/2831__ProtectWyJQcm90ZWN0Il0_FocusFillWzI5NCwyMjIsIngiLDld.jpg
eczema,https://dermnetnz.org/assets/Uploads/dermatitis/hand-dermatitis/2832__ProtectWyJQcm90ZWN0Il0_FocusFillWzI5NCwyMjIsInkiLDdd.jpg
eczema,https://dermnetnz.org/assets/Uploads/dermatitis/hand-dermatitis/2833__ProtectWyJQcm90ZWN0Il0_FocusFillWzI5NCwyMjIsIngiLDFd.jpg
eczema,https://dermnetnz.org/assets/Uploads/dermatitis/hand-dermatitis/2834__ProtectWyJQcm90ZWN0Il0_FocusFillWzI5NCwyMjIsIngiLDFd.jpg
eczema,https://dermnetnz.org/assets/Uploads/dermatitis/hand-dermatitis/2835__ProtectWyJQcm90ZWN0Il0_FocusFillWzI5NCwyMjIsIngiLDFd.jpg
eczema,https://dermnetnz.org/assets/Uploads/dermatitis/hand-dermatitis/2836__ProtectWyJQcm90ZWN0Il0_FocusFillWzI5NCwyMjIsIngiLDFd.jpg
eczema,https://dermnetnz.org/assets/Uploads/dermatitis/hand-dermatitis/2837__ProtectWyJQcm90ZWN0Il0_FocusFillWzI5NCwyMjIsIngiLDFd.jpg
eczema,https://dermnetnz.org/assets/Uploads/dermatitis/hand-dermatitis/2838__ProtectWyJQcm90ZWN0Il0_FocusFillWzI5NCwyMjIsIngiLDFd.jpg
eczema,https://dermnetnz.org/assets/Uploads/dermatitis/hand-dermatitis/2839__ProtectWyJQcm90ZWN0Il0_FocusFillWzI5NCwyMjIsIngiLDFd.jpg
eczema,https://dermnetnz.org/assets/Uploads/dermatitis/hand-dermatitis/2840__ProtectWyJQcm90ZWN0Il0_FocusFillWzI5NCwyMjIsIngiLDFd.jpg
eczema,https://dermnetnz.org/assets/Uploads/dermatitis/hand-dermatitis/2841__ProtectWyJQcm90ZWN0Il0_FocusFillWzI5NCwyMjIsIngiLDFd.jpg
eczema,https://dermnetnz.org/assets/Uploads/dermatitis/hand-dermatitis/2842__ProtectWyJQcm90ZWN0Il0_FocusFillWzI5NCwyMjIsIngiLDFd.jpg
eczema,https://dermnetnz.org/assets/Uploads/dermatitis/hand-dermatitis/2843__ProtectWyJQcm90ZWN0Il0_FocusFillWzI5NCwyMjIsIngiLDFd.jpg
eczema,https://dermnetnz.org/assets/Uploads/dermatitis/hand-dermatitis/2844__ProtectWyJQcm90ZWN0Il0_FocusFillWzI5NCwyMjIsIngiLDFd.jpg
eczema,https://dermnetnz.org/assets/Uploads/dermatitis/hand-dermatitis/2845__ProtectWyJQcm90ZWN0Il0_FocusFillWzI5NCwyMjIsIngiLDFd.jpg
eczema,https://dermnetnz.org/assets/Uploads/dermatitis/hand-dermatitis/2846__ProtectWyJQcm90ZWN0Il0_FocusFillWzI5NCwyMjIsIngiLDFd.jpg
eczema,https://dermnetnz.org/assets/Uploads/dermatitis/hand-dermatitis/2847__ProtectWyJQcm90ZWN0Il0_FocusFillWzI5NCwyMjIsIngiLDFd.jpg
eczema,https://dermnetnz.org/assets/Uploads/dermatitis/hand-dermatitis/2848__ProtectWyJQcm90ZWN0Il0_FocusFillWzI5NCwyMjIsIngiLDFd.jpg
eczema,https://dermnetnz.org/assets/Uploads/dermatitis/hand-dermatitis/2849__ProtectWyJQcm90ZWN0Il0_FocusFillWzI5NCwyMjIsInkiLDg1XQ.jpg
eczema,https://dermnetnz.org/assets/Uploads/dermatitis/hand-dermatitis/2850__ProtectWyJQcm90ZWN0Il0_FocusFillWzI5NCwyMjIsInkiLDg1XQ.jpg
eczema,https://dermnetnz.org/assets/Uploads/dermatitis/hand-dermatitis/2851__ProtectWyJQcm90ZWN0Il0_FocusFillWzI5NCwyMjIsIngiLDE4XQ.jpg
eczema,https://dermnetnz.org/assets/Uploads/dermatitis/hand-dermatitis/2852__ProtectWyJQcm90ZWN0Il0_FocusFillWzI5NCwyMjIsIngiLDFd.jpg
eczema,https://dermnetnz.org/assets/Uploads/dermatitis/hand-dermatitis/2853__ProtectWyJQcm90ZWN0Il0_FocusFillWzI5NCwyMjIsIngiLDFd.jpg
eczema,https://dermnetnz.org/assets/Uploads/dermatitis/palm-derm__ProtectWyJQcm90ZWN0Il0_FocusFillWzI5NCwyMjIsIngiLDFd.jpg
eczema,https://dermnetnz.org/assets/Uploads/dermatitis/numderm__ProtectWyJQcm90ZWN0Il0_FocusFillWzI5NCwyMjIsIngiLDFd.jpg
eczema,https://dermnetnz.org/assets/Uploads/dermatitis/hand-dermatitis1__ProtectWyJQcm90ZWN0Il0_FocusFillWzI5NCwyMjIsIngiLDFd.jpg
eczema,https://dermnetnz.org/assets/Uploads/dermatitis/s/eczchrman3__ProtectWyJQcm90ZWN0Il0_FocusFillWzI5NCwyMjIsIngiLDVd.jpg
eczema,https://dermnetnz.org/assets/Uploads/dermatitis/s/eczchrmana__ProtectWyJQcm90ZWN0Il0_FocusFillWzI5NCwyMjIsIngiLDE4XQ.jpg
eczema,https://dermnetnz.org/assets/Uploads/dermatitis/hand-dermatitis2__ProtectWyJQcm90ZWN0Il0_FocusFillWzI5NCwyMjIsIngiLDFd.jpg
eczema,https://dermnetnz.org/assets/Uploads/dermatitis/hand-dermatitis3__ProtectWyJQcm90ZWN0Il0_FocusFillWzI5NCwyMjIsIngiLDFd.jpg
eczema,https://dermnetnz.org/assets/Uploads/dermatitis/hand-dermatitis4__ProtectWyJQcm90ZWN0Il0_FocusFillWzI5NCwyMjIsIngiLDFd.jpg
eczema,https://dermnetnz.org/assets/Uploads/dermatitis/hand-dermatitis/2854__ProtectWyJQcm90ZWN0Il0_FocusFillWzI5NCwyMjIsInkiLDg1XQ.jpg
