skin_disorder_name,link
acne affecting the back images,https://dermnetnz.org/topics/acne-affecting-the-back-images
acne affecting the face images,https://dermnetnz.org/topics/acne-face-images
acne and other follicular disorder images,https://dermnetnz.org/image-catalogue/acne-and-other-follicular-disorder-images
acquired dermal macular hyperpigmentation images,https://dermnetnz.org/topics/acquired-dermal-macular-hyperpigmentation-images
acral lentiginous melanoma images,https://dermnetnz.org/images/acral-lentiginous-melanoma-images
actinic keratosis affecting the face images,https://dermnetnz.org/topics/actinic-keratosis-face-images
actinic keratosis affecting the hand images,https://dermnetnz.org/topics/actinic-keratosis-affecting-the-hand-images
actinic keratosis affecting the legs and feet images,https://dermnetnz.org/topics/actinic-keratosis-leg-and-foot-images
actinic keratosis affecting the scalp images,https://dermnetnz.org/topics/actinic-keratosis-scalp-images
actinic keratosis dermoscopy images,https://dermnetnz.org/topics/actinic-keratosis-dermoscopy-images
actinic keratosis on the nose images,https://dermnetnz.org/topics/actinic-keratosis-on-the-nose-images
actinic keratosis treated with imiquimod images,https://dermnetnz.org/topics/actinic-keratosis-imiquimod-images
adalimumab images,https://dermnetnz.org/topics/adalimumab-images
alopecia areata images,https://dermnetnz.org/images/alopecia-areata-images
amelanotic melanoma images,https://dermnetnz.org/images/amelanotic-melanoma-images
anal cancer images,https://dermnetnz.org/topics/anal-cancer-images
angiofibromas images,https://dermnetnz.org/topics/angiofibromas-images
angiokeratomas images,https://dermnetnz.org/topics/angiokeratoma-images
angular cheilitis images,https://dermnetnz.org/images/angular-cheilitis-images
arthropod bites images,https://dermnetnz.org/image-catalogue/insect-mite-and-worm-bite-images
atopic dermatitis images,https://dermnetnz.org/images/atopic-dermatitis-images
atopic eczema images,https://dermnetnz.org/images/atopic-dermatitis-images
atopic flexural eczema images,https://dermnetnz.org/topics/atopic-flexural-eczema-images
atypical melanocytic naevus,https://dermnetnz.org/topics/atypical-naevus-images
atypical mycobacterial infection images,https://dermnetnz.org/topics/atypical-mycobacterial-infection-images
atypical naevus images,https://dermnetnz.org/topics/atypical-naevus-images
autoimmune alopecia images,https://dermnetnz.org/images/alopecia-areata-images
b-k mole images,https://dermnetnz.org/topics/atypical-naevus-images
bcc affecting the ear images,https://dermnetnz.org/topics/basal-cell-carcinoma-affecting-the-ear-images
bcc affecting the eyelid images,https://dermnetnz.org/topics/basal-cell-carcinoma-affecting-the-eyelid-images
bcc affecting the face images,https://dermnetnz.org/topics/basal-cell-carcinoma-affecting-the-face-images
bcc affecting the nose images,https://dermnetnz.org/topics/basal-cell-carcinoma-affecting-the-nose-images
bcc affecting the trunk images,https://dermnetnz.org/topics/basal-cell-carcinoma-affecting-the-trunk-images
bacteria images,https://dermnetnz.org/image-catalogue/bacterial-skin-infection-images
bacterial skin infection images,https://dermnetnz.org/image-catalogue/bacterial-skin-infection-images
balanitis images,https://dermnetnz.org/topics/balanitis-images
basal cell carcinoma affecting the ear images,https://dermnetnz.org/topics/basal-cell-carcinoma-affecting-the-ear-images
basal cell carcinoma affecting the eyelid images,https://dermnetnz.org/topics/basal-cell-carcinoma-affecting-the-eyelid-images
basal cell carcinoma affecting the face images,https://dermnetnz.org/topics/basal-cell-carcinoma-affecting-the-face-images
basal cell carcinoma affecting the nose images,https://dermnetnz.org/topics/basal-cell-carcinoma-affecting-the-nose-images
basal cell carcinoma affecting the trunk images,https://dermnetnz.org/topics/basal-cell-carcinoma-affecting-the-trunk-images
basal cell epithelioma affecting the ear images,https://dermnetnz.org/topics/basal-cell-carcinoma-affecting-the-ear-images
basal cell epithelioma affecting the eyelid images,https://dermnetnz.org/topics/basal-cell-carcinoma-affecting-the-eyelid-images
basal cell epithelioma affecting the face images,https://dermnetnz.org/topics/basal-cell-carcinoma-affecting-the-face-images
basal cell epithelioma affecting the nose images,https://dermnetnz.org/topics/basal-cell-carcinoma-affecting-the-nose-images
basal cell epithelioma affecting the trunk images,https://dermnetnz.org/topics/basal-cell-carcinoma-affecting-the-trunk-images
basalioma affecting the ear images,https://dermnetnz.org/topics/basal-cell-carcinoma-affecting-the-ear-images
basalioma affecting the eyelid images,https://dermnetnz.org/topics/basal-cell-carcinoma-affecting-the-eyelid-images
basalioma affecting the face images,https://dermnetnz.org/topics/basal-cell-carcinoma-affecting-the-face-images
basalioma affecting the nose images,https://dermnetnz.org/topics/basal-cell-carcinoma-affecting-the-nose-images
basalioma affecting the trunk images,https://dermnetnz.org/topics/basal-cell-carcinoma-affecting-the-trunk-images
behcet disease images,https://dermnetnz.org/images/behcet-disease-images
besnier prurigo images,https://dermnetnz.org/images/atopic-dermatitis-images
bowenoid papulosis images,https://dermnetnz.org/topics/bowenoid-papulosis-images
bullous pemphigoid images,https://dermnetnz.org/topics/bullous-pemphigoid-images
covid-19 images,https://dermnetnz.org/images/covid-19-images
"candida affecting the lips, mouth and face images",https://dermnetnz.org/topics/candida-affecting-the-lips-mouth-and-face-images
candida albicans affecting the nail images,https://dermnetnz.org/images/onychomycosis-images
candida intertrigo images,https://dermnetnz.org/topics/candida-intertrigo-images
candida vulvovaginitis images,https://dermnetnz.org/topics/candida-vulvovaginitis-images
"candidiasis affecting the lips, mouth and face images",https://dermnetnz.org/topics/candida-affecting-the-lips-mouth-and-face-images
"candidosis affecting the lips, mouth and face images",https://dermnetnz.org/topics/candida-affecting-the-lips-mouth-and-face-images
capillaritis images,https://dermnetnz.org/topics/capillaritis-images
cherry angioma images,https://dermnetnz.org/topics/cherry-angioma-images
chronic plaque psoriasis images,https://dermnetnz.org/topics/chronic-plaque-psoriasis-images
clark nevus images,https://dermnetnz.org/topics/atypical-naevus-images
clavus images,https://dermnetnz.org/topics/corn-clavus-images
conditions affecting the ear images,https://dermnetnz.org/topics/conditions-affecting-the-ear-images
contact allergic dermatitis of the arm and leg images,https://dermnetnz.org/topics/contact-allergic-dermatitis-of-the-arm-and-leg-images
contact allergic dermatitis of the face images,https://dermnetnz.org/topics/contact-allergic-dermatitis-of-the-face-images
contact allergic dermatitis of the hand images,https://dermnetnz.org/topics/contact-allergic-dermatitis-of-the-hand-images
contact allergic dermatitis of the torso images,https://dermnetnz.org/topics/contact-allergic-dermatitis-of-the-torso-images
contact irritant dermatitis images,https://dermnetnz.org/topics/contact-irritant-dermatitis-images
corn images,https://dermnetnz.org/topics/corn-clavus-images
cutaneous horn images,https://dermnetnz.org/topics/cutaneous-horn-images
cutaneous lupus erythematosus images,https://dermnetnz.org/topics/cutaneous-lupus-erythematosus-images
cutaneous tuberculosis images,https://dermnetnz.org/topics/cutaneous-tuberculosis-images
cysts affecting the vulval area images,https://dermnetnz.org/
deep dermal disorder images,https://dermnetnz.org/image-catalogue/deep-dermal-disorder-images
dermatitis images,https://dermnetnz.org/images/atopic-dermatitis-images
dermatofibroma images,https://dermnetnz.org/topics/dermatofibroma-images
dermatomyositis images,https://dermnetnz.org/topics/dermatomyositis-images
dermographism images,https://dermnetnz.org/topics/dermographism-images
dermoscopy course images,https://dermnetnz.org/image-catalogue/dermoscopy-course-images
digital myxoid cyst images,https://dermnetnz.org/topics/digital-myxoid-cyst-images
discoid eczema images,https://dermnetnz.org/images/discoid-eczema-images
disease relating to site or age images,https://dermnetnz.org/image-catalogue/disease-relating-to-site-or-age-images
dry skin images,https://dermnetnz.org/topics/dry-skin-images
dysplastic naevi images,https://dermnetnz.org/topics/atypical-naevus-images
eccrine poroma images,https://dermnetnz.org/topics/eccrine-poroma-images
ecthyma images,https://dermnetnz.org/topics/ecthyma-images
eczema herpeticum images,https://dermnetnz.org/topics/eczema-herpeticum-images
ehlers–danlos syndrome images,https://dermnetnz.org/topics/ehlers-danlos-syndrome-images
enteroviral infection images,https://dermnetnz.org/images/hand-foot-and-mouth-disease-images
epidermal and pilar cyst images,https://dermnetnz.org/topics/epidermoid-and-trichilemmal-cyst-images
epiloia images,https://dermnetnz.org/topics/tuberous-sclerosis-images
epiloia images,https://dermnetnz.org/topics/tuberous-sclerosis-images
erythema infectiosum images,https://dermnetnz.org/topics/erythema-infectiosum-fifth-disease-images
erythema migrans images,https://dermnetnz.org/topics/erythema-migrans-images
erythema multiforme images,https://dermnetnz.org/topics/erythema-multiforme-images
erythema nodosum images,https://dermnetnz.org/topics/erythema-nodosum-images
erythrasma images,https://dermnetnz.org/topics/erythrasma-images
erythroderma images,https://dermnetnz.org/topics/erythroderma-images
extragenital lichen sclerosus images,https://dermnetnz.org/topics/extragenital-lichen-sclerosus-images
eyebrow loss images,https://dermnetnz.org/topics/madarosis-images
eyelash loss images,https://dermnetnz.org/topics/madarosis-images
eyelid dermatitis images,https://dermnetnz.org/topics/eyelid-dermatitis-images
fabry disease images,https://dermnetnz.org/topics/angiokeratoma-images
facial acne images,https://dermnetnz.org/topics/acne-face-images
facial psoriasis images,https://dermnetnz.org/topics/facial-psoriasis-images
fibrofolliculomas in birt–hogg–dubé images,https://dermnetnz.org/topics/fibrofolliculomas-in-birthoggdube-images
fifth disease images,https://dermnetnz.org/topics/erythema-infectiosum-fifth-disease-images
fishtank granuloma images,https://dermnetnz.org/topics/atypical-mycobacterial-infection-images
flexural psoriasis images,https://dermnetnz.org/topics/flexural-psoriasis-images
folliculitis images,https://dermnetnz.org/topics/folliculitis-images
folliculitis keloidalis images,https://dermnetnz.org/topics/folliculitis-keloidalis-images
fordyce angiokeratoma images,https://dermnetnz.org/topics/angiokeratoma-images
fungal skin infection images,https://dermnetnz.org/image-catalogue/fungal-skin-infection-images
generalised pustular psoriasis images,https://dermnetnz.org/images/generalised-pustular-psoriasis-images
genital crohn disease images,https://dermnetnz.org/topics/genital-crohn-disease-images
genital herpes images,https://dermnetnz.org/topics/genital-herpes-images
genital lichen planus images,https://dermnetnz.org/images/genital-lichen-planus-images
genital psoriasis images,https://dermnetnz.org/topics/genital-psoriasis-images
genital wart images,https://dermnetnz.org/images/genital-wart-images
gougerot blum images,https://dermnetnz.org/topics/capillaritis-images
gouty tophus images,https://dermnetnz.org/topics/gouty-tophi-images
granular parakeratosis images,https://dermnetnz.org/topics/granular-parakeratosis-images
granuloma annulare images,https://dermnetnz.org/topics/granuloma-annulare-images
grover disease,https://dermnetnz.org/topics/transient-acantholytic-dermatosis-images
guttate psoriasis images,https://dermnetnz.org/topics/guttate-psoriasis-images
"hair, scalp, nail and sweat images",https://dermnetnz.org/image-catalogue/hair-scalp-nail-and-sweat-images
halo mole images,https://dermnetnz.org/topics/halo-mole-images
hand dermatitis images,https://dermnetnz.org/topics/hand-dermatitis-images
hand foot and mouth disease images,https://dermnetnz.org/images/hand-foot-and-mouth-disease-images
herpes simplex images,https://dermnetnz.org/topics/herpes-simplex-images
herpes zoster images,https://dermnetnz.org/topics/herpes-zoster-images
hidradenitis suppurativa images,https://dermnetnz.org/topics/hidradenitis-suppurativa-images
hidrocystoma images,https://dermnetnz.org/topics/hidrocystoma-images
hypomelanotic malignant melanoma images,https://dermnetnz.org/images/amelanotic-melanoma-images
ichthyosis images,https://dermnetnz.org/topics/ichthyosis-images
immunological disorder images,https://dermnetnz.org/image-catalogue/immunological-disorder-images
impetigo images,https://dermnetnz.org/images/impetigo-images
in situ squamous cell carcinoma images,https://dermnetnz.org/topics/intraepidermal-carcinoma-images
infantile acne images,https://dermnetnz.org/topics/infantile-acne-images
infantile papular acrodermatitis images,https://dermnetnz.org/topics/infantile-papular-acrodermatitis-images
insect bite images,https://dermnetnz.org/topics/insect-bite-images
"insect, mite and worm bite images",https://dermnetnz.org/image-catalogue/insect-mite-and-worm-bite-images
juvenile plantar dermatosis images,https://dermnetnz.org/topics/juvenile-plantar-dermatosis-images
kaposi sarcoma images,https://dermnetnz.org/topics/kaposi-sarcoma-images
keloid images,https://dermnetnz.org/images/keloid-and-hypertrophic-scar-images
keratoacanthoma images,https://dermnetnz.org/topics/keratoacanthoma-images
keratolytic winter erythema,https://dermnetnz.org/topics/keratolytic-winter-erythema-images
keratosis pilaris images,https://dermnetnz.org/topics/keratosis-pilaris-images
kerion images,https://dermnetnz.org/topics/kerion-images
labial fusion images,https://dermnetnz.org/topics/labial-fusion-images
lax beetle images,https://dermnetnz.org/topics
leg ulcer images,https://dermnetnz.org/topics/leg-ulcer-images
leishmaniasis images,https://dermnetnz.org/
lentigo images,https://dermnetnz.org/topics/lentigo-images
lentigo maligna melanoma images,https://dermnetnz.org/images/lentigo-maligna-melanoma-images
"lesion, tumour and cancer images",https://dermnetnz.org/image-catalogue/lesion-tumour-and-cancer-images
lichen aureus images,https://dermnetnz.org/topics/capillaritis-images
lichen planus images,https://dermnetnz.org/images/lichen-planus-images
lichen planus nail images,https://dermnetnz.org/images/nail-lichen-planus-images
lichen simplex images,https://dermnetnz.org/
lipodermatosclerosis,https://dermnetnz.org/topics/lipodermatosclerosis-images
loss of eyebrows images,https://dermnetnz.org/topics/madarosis-images
loss of eyelashes images,https://dermnetnz.org/topics/madarosis-images
madarosis images,https://dermnetnz.org/topics/madarosis-images
majocchi purpura images,https://dermnetnz.org/topics/capillaritis-images
mammmary and extramammary paget disease,https://dermnetnz.org/topics/mammary-and-extramammary-paget-disease-of-the-skin-images
measles images,https://dermnetnz.org/topics/measles-images
melanoma in situ images,https://dermnetnz.org/images/melanoma-in-situ-images
melanoma of nail unit images,https://dermnetnz.org/topics/melanoma-of-nail-unit-images
melanonychia images,https://dermnetnz.org/topics/melanonychia-images
melasma images,https://dermnetnz.org/topics/melasma-images
metastatic melanoma images,https://dermnetnz.org/topics/metastatic-melanoma-images
milia images,https://dermnetnz.org/topics/milia-images
mole images,https://dermnetnz.org/topics/mole-images
molluscum contagiosum images,https://dermnetnz.org/topics/molluscum-contagiosum-images
"moniliasis affecting the lips, mouth and face images",https://dermnetnz.org/topics/candida-affecting-the-lips-mouth-and-face-images
morphea images,https://dermnetnz.org/topics/morphoea-images
nail psoriasis images,https://dermnetnz.org/topics/nail-psoriasis-images
necrotising fasciitis images,https://dermnetnz.org/topics/necrotising-fasciitis-images
neurofibromatosis images,https://dermnetnz.org/topics/neurofibromatosis-images
nodular bcc images,https://dermnetnz.org/topics/nodular-bcc-images
nodular basal cell carcinoma images,https://dermnetnz.org/topics/nodular-bcc-images
nodular melanoma images,https://dermnetnz.org/images/nodular-melanoma-images
nontuberculous mycobacteria images,https://dermnetnz.org/topics/atypical-mycobacterial-infection-images
nummular dermatitis images,https://dermnetnz.org/images/discoid-eczema-images
orf images,https://dermnetnz.org/topics/orf-images
pmle images,https://dermnetnz.org/images/polymorphic-light-eruption-images
palmoplantar psoriasis images,https://dermnetnz.org/topics/palmoplantar-psoriasis-images
palmoplantar pustulosis images,https://dermnetnz.org/topics/palmoplantar-pustulosis-images
paronychia images,https://dermnetnz.org/topics/paronychia-images
patch test images,https://dermnetnz.org/topics/patch-test-images
pemphigus vulgaris,https://dermnetnz.org/images/pemphigus-vulgaris-images
penile epithelial neoplasia images,https://dermnetnz.org/topics/penile-epithelial-neoplasia-images
penile infections images,https://dermnetnz.org/topics/balanitis-images
penile lichen planus images,https://dermnetnz.org/images/genital-lichen-planus-images
penile lichen sclerosus,https://dermnetnz.org/topics/penile-lichen-sclerosus-images
penile pearly papules images,https://dermnetnz.org/topics/pearly-penile-papules-images
perianal lichen sclerosus images,https://dermnetnz.org/topics/perianal-lichen-sclerosus-images
perioral dermatitis images,https://dermnetnz.org/images/periorificial-dermatitis-images
perleche images,https://dermnetnz.org/images/angular-cheilitis-images
perlèche images,https://dermnetnz.org/images/angular-cheilitis-images
phototherapy course images,https://dermnetnz.org/image-catalogue/phototherapy-course-images
piezogenic papule images,https://dermnetnz.org/topics/piezogenic-papule-images
pigmentation problem images,https://dermnetnz.org/image-catalogue/pigmentation-problem-images
pigmented purpura images,https://dermnetnz.org/topics/capillaritis-images
pigmented purpuric lichenoid dermatosis images,https://dermnetnz.org/topics/capillaritis-images
pityriasis alba images,https://dermnetnz.org/images/pityrasis-alba-images
pityriasis rosea images,https://dermnetnz.org/
pityriasis versicolor images,https://dermnetnz.org/topics/pityriasis-versicolor-images
plasma cell balanitis/vulvitis images,https://dermnetnz.org/topics/plasma-cell-balanitisvulvitis-images
polymorphic light eruption images,https://dermnetnz.org/images/polymorphic-light-eruption-images
polymorphous light eruption images,https://dermnetnz.org/images/polymorphic-light-eruption-images
pompholyx images,https://dermnetnz.org/images/dyshidrotic-eczema-images
pretibial myxoedema images,https://dermnetnz.org/topics/pretibial-myxoedema-images
principals of dermatological practice course images,https://dermnetnz.org/image-catalogue/principals-of-dermatological-practice-course-images
procedures images,https://dermnetnz.org/image-catalogue/procedures-images
prurigo of pregnancy images,https://dermnetnz.org/topics/prurigo-of-pregnancy-images
psoriasis affecting the face images,https://dermnetnz.org/topics/facial-psoriasis-images
psoriasis of the scalp images,https://dermnetnz.org/images/scalp-psoriasis-images
purpura annularis telangiectodes images,https://dermnetnz.org/topics/capillaritis-images
pustular psoriasis of the hand and feet images,https://dermnetnz.org/topics/palmoplantar-pustulosis-images
reactions to external agent images,https://dermnetnz.org/image-catalogue/reactions-to-external-agent-images
rhinophyma images,https://dermnetnz.org/topics/rhinophyma-images
rodent ulcer affecting the ear images,https://dermnetnz.org/topics/basal-cell-carcinoma-affecting-the-ear-images
rodent ulcer affecting the eyelid images,https://dermnetnz.org/topics/basal-cell-carcinoma-affecting-the-eyelid-images
rodent ulcer affecting the face images,https://dermnetnz.org/topics/basal-cell-carcinoma-affecting-the-face-images
rodent ulcer affecting the nose images,https://dermnetnz.org/topics/basal-cell-carcinoma-affecting-the-nose-images
rodent ulcer affecting the trunk images,https://dermnetnz.org/topics/basal-cell-carcinoma-affecting-the-trunk-images
rosacea images,https://dermnetnz.org/images/rosacea-images
roseola images,https://dermnetnz.org/topics/roseola-images
sjs-ten images,https://dermnetnz.org/topics/sjs-ten-images
sle images,https://dermnetnz.org/topics/systemic-lupus-erythematosus-images
scabies images,https://dermnetnz.org/images/scabies-images
scalp folliculitis images,https://dermnetnz.org/topics/scalp-folliculitis-images
scaly skin disease images,https://dermnetnz.org/image-catalogue/scaly-skin-disease-images
schamberg disease images,https://dermnetnz.org/topics/capillaritis-images
sebaceous hyperplasia images,https://dermnetnz.org/topics/sebaceous-hyperplasia-images
seborrhoeic keratosis dermoscopy images,https://dermnetnz.org/topics/seborrhoeic-keratosis-dermoscopy-images
seborrhoeic keratosis images,https://dermnetnz.org/topics/seborrhoeic-keratosis-images
shiitake flagellate dermatitis images,https://dermnetnz.org/topics/shiitake-flagellate-dermatitis-images
skin pathology images,https://dermnetnz.org/image-catalogue/skin-pathology-images
skin signs of systemic disease images,https://dermnetnz.org/image-catalogue/skin-signs-of-systemic-disease-images
skin tag images,https://dermnetnz.org/topics/skin-tag-images
solar keratosis affecting the face images,https://dermnetnz.org/topics/actinic-keratosis-face-images
solar keratosis affecting the hand images,https://dermnetnz.org/topics/actinic-keratosis-affecting-the-hand-images
solar keratosis affecting the legs and feet images,https://dermnetnz.org/topics/actinic-keratosis-leg-and-foot-images
solar keratosis affecting the scalp images,https://dermnetnz.org/topics/actinic-keratosis-scalp-images
solar keratosis on the nose images,https://dermnetnz.org/topics/actinic-keratosis-on-the-nose-images
solar keratosis treated with imiquimod images,https://dermnetnz.org/topics/actinic-keratosis-imiquimod-images
solar lentigo images,https://dermnetnz.org/topics/solar-lentigo-images
spa pool folliculitis images,https://dermnetnz.org/topics/spa-pool-folliculitis-images
spider naevus images,https://dermnetnz.org/topics/spider-telangiectasis-images
spider telangiectasis images,https://dermnetnz.org/topics/spider-telangiectasis-images
squamous cell carcinoma of limbs images,https://dermnetnz.org/topics/squamous-cell-carcinoma-of-limbs-images
squamous cell carcinoma of the ear images,https://dermnetnz.org/topics/squamous-cell-carcinoma-of-the-ear-images
squamous cell carcinoma of the lip images,https://dermnetnz.org/topics/squamous-cell-carcinoma-of-the-lip-images
squamous cell carcinoma on the face images,https://dermnetnz.org/topics/squamous-cell-carcinoma-on-the-face-images
staphylococcal scalded skin images,https://dermnetnz.org/images/staphylococcal-scalded-skin-syndrome-images
steroid acne images,https://dermnetnz.org/topics/steroid-acne-images
subungual haemorrhage,https://dermnetnz.org/
superficial spreading melanoma images,https://dermnetnz.org/images/superficial-spreading-melanoma-images
supernumerary nipple images,https://dermnetnz.org/topics/supernumerary-nipple-images
syphilis images,https://dermnetnz.org/topics/syphilis-images
systemic lupus erythematosus images,https://dermnetnz.org/topics/systemic-lupus-erythematosus-images
tinea corporis images,https://dermnetnz.org/topics/tinea-corporis-images
tinea pedis images,https://dermnetnz.org/topics/tinea-pedis-images
transient acantholytic dermatosis,https://dermnetnz.org/topics/transient-acantholytic-dermatosis-images
treatment images,https://dermnetnz.org/image-catalogue/treatment-images
trichotillomania images,https://dermnetnz.org/topics/trichotillomania-images
tuberous sclerosis images,https://dermnetnz.org/topics/tuberous-sclerosis-images
ungual squamous cell carcinoma in situ images,https://dermnetnz.org/topics/ungual-squamous-cell-carcinoma-in-situ-images
urticaria images,https://dermnetnz.org/topics/urticaria-images
urticarial vasculitis images,https://dermnetnz.org/topics/urticarial-vasculitis-images
varicella images,https://dermnetnz.org/topics/varicella-images
vascular malformation images,https://dermnetnz.org/topics/vascular-malformation
vasculitis images,https://dermnetnz.org/topics/vasculitis-images
venous lake images,https://dermnetnz.org/topics/venous-lake-images
viral skin infections images,https://dermnetnz.org/image-catalogue/viral-skin-infections
viral warts images,https://dermnetnz.org/topics/viral-warts-images
vitiligo images,https://dermnetnz.org/images/vitiligo-images
vulval cancer images,https://dermnetnz.org/images/vulval-cancer-images
vulval erosive lichen planus images,https://dermnetnz.org/images/vulval-erosive-lichen-planus-images
vulval intraepithelial neoplasia images,https://dermnetnz.org/topics/vulval-intraepithelial-neoplasia-images
vulval lichen planus images,https://dermnetnz.org/images/genital-lichen-planus-images
vulval lichen sclerosus images,https://dermnetnz.org/topics/vulval-lichen-sclerosus-images
vulval ulcer images,https://dermnetnz.org/topics/vulval-ulcer-images
vulvovaginal candidiasis images,https://dermnetnz.org/topics/vulvovaginal-candidiasis-images
xanthelasma images,https://dermnetnz.org/topics/xanthelasma-images
xeroderma pigmentosum images,https://dermnetnz.org/topics/xeroderma-pigmentosum-images
